<?xml version="1.0"?>
<!--<!DOCTYPE metadata SYSTEM "http://www.esri.com/metadata/esriprof80.dtd">-->
<metadata xml:lang="en"><Esri><CreaDate>20091119</CreaDate><CreaTime>13153300</CreaTime><SyncOnce>FALSE</SyncOnce><SyncDate>20091119</SyncDate><SyncTime>16221800</SyncTime><ModDate>20091119</ModDate><ModTime>16221800</ModTime><DataProperties><lineage><Process ToolSource="C:\Program Files\ArcGIS\ArcToolbox\Toolboxes\Conversion Tools.tbx\FeatureClassToFeatureClass" Date="20081201" Time="154122">FeatureClassToFeatureClass C:\contour_20081201.gdb\base_Contour2000 C:\contour_20081201.gdb\Topography base_Contour2000New # "Shape_Length 'Shape_Length' false true true 8 Double 0 0 ,First,#,C:\contour_20081201.gdb\base_Contour2000,Shape_Length,-1,-1;Elevation 'Elevation' true true false 2 Short 0 0 ,First,#,C:\contour_20081201.gdb\base_Contour2000,Elevation,-1,-1;EditBy 'EditBy' true true false 15 Text 0 0 ,First,#,C:\contour_20081201.gdb\base_Contour2000,EditBy,-1,-1;EditDate 'EditDate' true true false 8 Date 0 0 ,First,#,C:\contour_20081201.gdb\base_Contour2000,EditDate,-1,-1;GlobalID 'GlobalID' false false true 38 Long 0 0 ,First,#,C:\contour_20081201.gdb\base_Contour2000,GlobalID,-1,-1" # C:\contour_20081201.gdb\Topography\base_Contour2000New</Process><Process ToolSource="C:\Program Files\ArcGIS\ArcToolbox\Toolboxes\Analysis Tools.tbx\Clip" Date="20091119" Time="133207">Clip Contours99 "City Boundary" C:\junk\ContourProcessing\Contours99_Clip.shp #</Process><Process ToolSource="C:\Program Files\ArcGIS\ArcToolbox\Toolboxes\Analysis Tools.tbx\Clip" Date="20091119" Time="143505">Clip Contours99_Clip NW C:\junk\ContourProcessing\Contours_NW.shp #</Process><Process ToolSource="C:\Program Files\ArcGIS\ArcToolbox\Toolboxes\Analysis Tools.tbx\Clip" Date="20091119" Time="162317">Clip Contours_NW NWa C:\junk\ContourProcessing\Contours_NW_a.shp #</Process></lineage></DataProperties><MetaID>{77B6A014-9EDB-451A-AE0C-D5B84AC03C19}</MetaID></Esri><idinfo><native Sync="TRUE">Microsoft Windows XP Version 5.1 (Build 2600) Service Pack 3; ESRI ArcCatalog 9.3.1.3000</native><descript><langdata Sync="TRUE">en</langdata><abstract>Represents locations/lines of equal elevation, in a 2 foot contour interval, as it was interpreted from the 1999 digital elevation model that was used to rectify the digital orthophotography during the City's initial GIS base mapping project.</abstract><purpose>The creation of the contour data was executed to capture the existing ground conditions at a specific point in time for the purpose of GIS mapping and analysis.  Contour information is used for plannimetric mapping and for creating TINs and RASTERs, which support 3D mapping and ground/slope visualization.  TINs and RASTERs of elevation data support spatial analyses related to slopes, viewsheds, water runoff, and other map algebra-based applications.  As a base-mark, the 1999 contours can support analyzing changes in ground morphology to later years' elevation data.</purpose><supplinf>Contours 1999:  were considered part of the City's "Planimetric" Base Mapping. Planimetric basemapping was originally interpreted (1999-2000) by Michael Baker Corporation, from the orthophotography and digital elevation model, as part of the first phase of GIS implementation.

Variations existing between the contour datasests (1999 vs. 2007) is not uncommon.  
Photogrammetry is not an exact science; scale, resolution and interpretation play a large role in the data output.

Sanborn wrote:  "Contours are lines of continuous elevation however, the methodology for contour generation and particularly "smoothing" of the contours are aesthetic in nature and subjective to the cartographer creating and editing the contours.  
Although both the City's 1999 and 2007 contour datasets were photogrammetrically derived, the software utilized to create the contours and smoothing routines have changed substantially from 1999 to 2007.  
In essence, the less smooth the contour, the more accurate it depicts the terrain.  In the 2007 product, Sanborn applied minimal smoothing routines to minimize any distortion.  
Overall, the 2007 contour dataset is a better source to use given it was produced using more current techniques and minimal smoothing."

Other than a site survey, nothing is going to be truly accurate. </supplinf></descript><citation><citeinfo><origin>City of Richmond, Virginia, USA</origin><pubdate>2000</pubdate><title>1999 Contours</title><ftname Sync="TRUE">Contours_NW_a</ftname><geoform Sync="TRUE">vector digital data</geoform><onlink Sync="TRUE">\\DIT016D1225\C$\junk\ContourProcessing\Contours_NW_a.shp</onlink></citeinfo></citation><timeperd><current>ground condition</current><timeinfo><sngdate><caldate>1999</caldate></sngdate></timeinfo></timeperd><status><progress>Complete</progress><update>None planned</update></status><spdom><bounding><westbc Sync="TRUE">-77.603704</westbc><eastbc Sync="TRUE">-77.383226</eastbc><northbc Sync="TRUE">37.605353</northbc><southbc Sync="TRUE">37.445863</southbc></bounding><lboundng><leftbc Sync="TRUE">11743103.672066</leftbc><rightbc Sync="TRUE">11806432.835101</rightbc><bottombc Sync="TRUE">3687804.568007</bottombc><topbc Sync="TRUE">3745205.202876</topbc></lboundng><minalti Sync="TRUE">-0.000000</minalti><maxalti Sync="TRUE">378.000000</maxalti></spdom><keywords><theme><themekt>none.</themekt><themekey>Contours</themekey><themekey>Elevation</themekey><themekey>1999</themekey></theme></keywords><accconst>none</accconst><useconst>All GIS layers and datasets are owned by the City of Richmond and can not be modified, re-distributed, and/or re-sold without a sub-licensing agreement. All guarantees of validity expire once a dataset leaves the City of Richmond firewall or physical premises. Acknowledgement of the City of Richmond GIS would be appreciated in products derived from these data.</useconst><natvform Sync="TRUE">Shapefile</natvform><ptcontac><cntinfo><cntperp><cntper>Pravin Mathur</cntper><cntorg>Public Works</cntorg></cntperp><cntpos>GIS\Cityworks Manager</cntpos><cntemail>Pravin.Mathur@richmondgov.com</cntemail><cntaddr><addtype>mailing and physical address</addtype><address>900 E Broad St, 7th Floor</address><city>Richmond</city><state>Virginia</state><postal>23219</postal><country>USA</country></cntaddr></cntinfo></ptcontac></idinfo><dataIdInfo><envirDesc Sync="TRUE">Microsoft Windows XP Version 5.1 (Build 2600) Service Pack 3; ESRI ArcCatalog 9.3.1.3000</envirDesc><dataLang><languageCode Sync="TRUE" value="en"></languageCode></dataLang><idCitation><resTitle Sync="TRUE">Contours_NW_a</resTitle><presForm><PresFormCd Sync="TRUE" value="005"></PresFormCd></presForm></idCitation><spatRpType><SpatRepTypCd Sync="TRUE" value="001"></SpatRepTypCd></spatRpType><dataExt><geoEle><GeoBndBox esriExtentType="native"><westBL Sync="TRUE">11743103.672066</westBL><eastBL Sync="TRUE">11806432.835101</eastBL><northBL Sync="TRUE">3745205.202876</northBL><southBL Sync="TRUE">3687804.568007</southBL><exTypeCode Sync="TRUE">1</exTypeCode></GeoBndBox></geoEle></dataExt><geoBox esriExtentType="decdegrees"><westBL Sync="TRUE">-77.603704</westBL><eastBL Sync="TRUE">-77.383226</eastBL><northBL Sync="TRUE">37.605353</northBL><southBL Sync="TRUE">37.445863</southBL><exTypeCode Sync="TRUE">1</exTypeCode></geoBox></dataIdInfo><metainfo><langmeta Sync="TRUE">en</langmeta><metstdn Sync="TRUE">FGDC Content Standards for Digital Geospatial Metadata</metstdn><metstdv Sync="TRUE">FGDC-STD-001-1998</metstdv><mettc Sync="TRUE">local time</mettc><metd Sync="TRUE">20091119</metd><metc><cntinfo><cntorgp><cntper>Steve Waldron</cntper><cntorg>Information Technology</cntorg></cntorgp><cntpos>GIS Coordinator</cntpos><cntemail>Steve.Waldron@richmondgov.com</cntemail><cntaddr><addrtype>mailing and physical address</addrtype><address>900 E Broad St, Rm G2</address><country>USA</country><city>Richmond</city><state>Virginia</state><postal>23219</postal></cntaddr></cntinfo></metc><metextns><onlink Sync="TRUE">http://www.esri.com/metadata/esriprof80.html</onlink><metprof Sync="TRUE">ESRI Metadata Profile</metprof></metextns></metainfo><mdLang><languageCode Sync="TRUE" value="en"></languageCode></mdLang><mdStanName Sync="TRUE">ISO 19115 Geographic Information - Metadata</mdStanName><mdStanVer Sync="TRUE">DIS_ESRI1.0</mdStanVer><mdChar><CharSetCd Sync="TRUE" value="004"></CharSetCd></mdChar><mdHrLv><ScopeCd Sync="TRUE" value="005"></ScopeCd></mdHrLv><mdHrLvName Sync="TRUE">dataset</mdHrLvName><distInfo><distributor><distorTran><onLineSrc><orDesc Sync="TRUE">002</orDesc><linkage Sync="TRUE">file://\\DIT016D1225\C$\junk\ContourProcessing\Contours_NW_a.shp</linkage><protocol Sync="TRUE">Local Area Network</protocol></onLineSrc><transSize Sync="TRUE">0.000</transSize></distorTran><distorFormat><formatName Sync="TRUE">Shapefile</formatName></distorFormat></distributor></distInfo><spdoinfo><direct Sync="TRUE">Vector</direct><ptvctinf><esriterm Name="Contours_NW_a"><efeatyp Sync="TRUE">Simple</efeatyp><efeageom Sync="TRUE">Polyline</efeageom><esritopo Sync="TRUE">FALSE</esritopo><efeacnt Sync="TRUE">0</efeacnt><spindex Sync="TRUE">FALSE</spindex><linrefer Sync="TRUE">TRUE</linrefer></esriterm><sdtsterm Name="Contours_NW_a"><sdtstype Sync="TRUE">String</sdtstype><ptvctcnt Sync="TRUE">0</ptvctcnt></sdtsterm></ptvctinf></spdoinfo><spref><horizsys><cordsysn><geogcsn Sync="TRUE">GCS_North_American_1983</geogcsn><projcsn Sync="TRUE">NAD_1983_StatePlane_Virginia_South_FIPS_4502_Feet</projcsn></cordsysn><planar><planci><plance Sync="TRUE">coordinate pair</plance><plandu Sync="TRUE">survey feet</plandu><coordrep><absres Sync="TRUE">0.000000</absres><ordres Sync="TRUE">0.000000</ordres></coordrep></planci><mapproj><mapprojn Sync="TRUE">Lambert Conformal Conic</mapprojn><lambertc><stdparll Sync="TRUE">36.766667</stdparll><stdparll Sync="TRUE">37.966667</stdparll><longcm Sync="TRUE">-78.500000</longcm><latprjo Sync="TRUE">36.333333</latprjo><feast Sync="TRUE">11482916.666667</feast><fnorth Sync="TRUE">3280833.333333</fnorth></lambertc></mapproj></planar><geodetic><horizdn Sync="TRUE">North American Datum of 1983</horizdn><ellips Sync="TRUE">Geodetic Reference System 80</ellips><semiaxis Sync="TRUE">6378137.000000</semiaxis><denflat Sync="TRUE">298.257222</denflat></geodetic></horizsys><vertdef><altsys><altenc Sync="TRUE">Explicit elevation coordinate included with horizontal coordinates</altenc><altres Sync="TRUE">0.000100</altres></altsys></vertdef></spref><refSysInfo><RefSystem><refSysID><identCode Sync="TRUE">NAD_1983_StatePlane_Virginia_South_FIPS_4502_Feet</identCode></refSysID></RefSystem></refSysInfo><spatRepInfo><VectSpatRep><topLvl><TopoLevCd Sync="TRUE" value="001"></TopoLevCd></topLvl><geometObjs Name="Contours_NW_a"><geoObjTyp><GeoObjTypCd Sync="TRUE" value="001"></GeoObjTypCd></geoObjTyp><geoObjCnt Sync="TRUE">0</geoObjCnt></geometObjs></VectSpatRep></spatRepInfo><eainfo><detailed Name="Contours_NW_a"><enttyp><enttypl Sync="TRUE">Contours_NW_a</enttypl><enttypt Sync="TRUE">Feature Class</enttypt><enttypc Sync="TRUE">0</enttypc></enttyp><attr><attrlabl Sync="TRUE">FID</attrlabl><attalias Sync="TRUE">FID</attalias><attrtype Sync="TRUE">OID</attrtype><attwidth Sync="TRUE">4</attwidth><atprecis Sync="TRUE">0</atprecis><attscale Sync="TRUE">0</attscale><attrdef Sync="TRUE">Internal feature number.</attrdef><attrdefs Sync="TRUE">ESRI</attrdefs><attrdomv><udom Sync="TRUE">Sequential unique whole numbers that are automatically generated.</udom></attrdomv></attr><attr><attrlabl Sync="TRUE">OBJECTID</attrlabl><attalias Sync="TRUE">ObjectID</attalias><attrtype Sync="TRUE">Double</attrtype><attwidth Sync="TRUE">10</attwidth><atprecis Sync="TRUE">10</atprecis><attscale Sync="TRUE">0</attscale><attrdef Sync="TRUE">Internal feature number.</attrdef><attrdefs Sync="TRUE">ESRI</attrdefs><attrdomv><udom Sync="TRUE">Sequential unique whole numbers that are automatically generated.</udom></attrdomv></attr><attr><attrlabl Sync="TRUE">Shape</attrlabl><attalias Sync="TRUE">Shape</attalias><attrtype Sync="TRUE">Geometry</attrtype><attwidth Sync="TRUE">0</attwidth><atprecis Sync="TRUE">0</atprecis><attscale Sync="TRUE">0</attscale><attrdef Sync="TRUE">Feature geometry.</attrdef><attrdefs Sync="TRUE">ESRI</attrdefs><attrdomv><udom Sync="TRUE">Coordinates defining the features.</udom></attrdomv></attr><attr><attrlabl Sync="TRUE">Elevation</attrlabl><attalias Sync="TRUE">Elevation</attalias><attrtype Sync="TRUE">Number</attrtype><attwidth Sync="TRUE">5</attwidth></attr><attr><attrlabl Sync="TRUE">GlobalID</attrlabl><attalias Sync="TRUE">GlobalID</attalias><attrtype Sync="TRUE">String</attrtype><attwidth Sync="TRUE">38</attwidth></attr><attr><attrlabl Sync="TRUE">Shape_len</attrlabl><attalias Sync="TRUE">Shape_len</attalias><attrtype Sync="TRUE">Float</attrtype><attwidth Sync="TRUE">19</attwidth><atnumdec Sync="TRUE">11</atnumdec></attr></detailed></eainfo><mdDateSt Sync="TRUE">20091119</mdDateSt><dataqual><lineage><procstep><procdesc Sync="TRUE">Dataset copied.</procdesc><srcused Sync="TRUE">\\DIT016D1028\C$\contour_20081201.gdb</srcused><procdate Sync="TRUE">20081201</procdate><proctime Sync="TRUE">16175100</proctime></procstep><procstep><procdesc Sync="TRUE">Dataset copied.</procdesc><srcused Sync="TRUE">Server=gis-gdb-p; Service=sde:sqlserver:gis-gdb-p; Database=vector; Version=dbo.DEFAULT</srcused><procdate Sync="TRUE">20091119</procdate><proctime Sync="TRUE">13153300</proctime></procstep></lineage></dataqual><distinfo><distrib><cntinfo><cntorgp><cntorg>City of Richmond Department of Information Technology</cntorg></cntorgp><cntemail>Steve.Waldron@richmondgov.com</cntemail></cntinfo></distrib><stdorder><digform><digtopt><onlinopt><computer><networka><networkr>http://www.richmondgov.com/departments/gis/Datapur.aspx</networkr></networka></computer></onlinopt></digtopt><digtinfo><transize Sync="TRUE">0.000</transize><dssize Sync="TRUE">0.000</dssize></digtinfo></digform></stdorder><distliab>No warranty is expressed or implied regarding the use of this data, nor does the act of distribution constitute any such warranty.</distliab><resdesc Sync="TRUE">Downloadable Data</resdesc></distinfo></metadata>
