SaleDate1,FID,PIN,TaxExemptC,LandUse,PropClass,DevLandRat,LandVal18,BuildVal18,Value2018,Value2017,Value2016,Value2015,Value2014,Value2013,Val13to18,PVC13to18,AvgSaleAmt,SaleAmt1,SaleDate2,SaleAmt2,SaleDate3,SaleAmt3,YearBuilt,Shape__Area,Shape__Length
2017-1-10,3055,C0070124046, ,Commercial,B Motel,2.97916666667,144000,429000,573000,550000,550000,550000,550000,550000,23000,4.18181818182,550000,550000, ,0, ,0,1982,1.92171105951375E-07,0.001997564618664
2017-1-10,3586,S0001878015, ,Single Family,R Two Story,11.5,20000,230000,250000,109000,103000,98000,112000,112000,-3000,-2.67857142857,90000,90000, ,0, ,0,1923,4.72996307709952E-08,0.001064511258152
2017-1-10,5626,N0180402009, ,Single Family,R One Story,3.86666666667,15000,58000,73000,72000,72000,71000,72000,81000,-8000,-9.87654320988,32000,32000, ,0, ,0,1946,5.15759790291392E-08,0.000966197330979
2017-1-10,5872,N0000862008, ,Single Family,"R One Story+ (1.25, 1.5, 1.75)",6.8,45000,306000,351000,140000,150000,147000,147000,147000,204000,138.775510204,230000,450000,10/20/2015,100000,10/20/2015,140000,1935,8.81716779350135E-08,0.001310544457829
2017-1-10,5940,W0000730038, ,Single Family,R Two Story,3,120000,360000,480000,386000,375000,359000,335000,332000,148000,44.578313253,537100,537100, ,0, ,0,1910,2.19169465442915E-08,0.000860873393772
2017-1-10,7002,S0000645007, ,Single Family,R One Story,5.1,10000,51000,61000,60000,60000,60000,60000,76000,-15000,-19.7368421053,33687,33687, ,0, ,0,1938,6.69288637683426E-08,0.001184657526716
2017-1-10,12227,W0001460007, ,Single Family,R Two Story,2.70588235294,85000,230000,315000,257000,245000,238000,239000,239000,76000,31.7991631799,257475,324950,5/2/2013,190000, ,0,1923,1.82382528016215E-08,0.000821638360512
2017-1-10,12639,N0160080021, ,Single Family,"R One Story+ (1.25, 1.5, 1.75)",4.4,40000,176000,216000,148000,144000,141000,139000,146000,70000,47.9452054795,237500,237500, ,0, ,0,1947,7.11154021229652E-08,0.001307878666424
2017-1-10,14640,N0000785001, ,Multi-Family,R Four Family Blt-As,5.95555555556,45000,268000,313000,310000,279000,275000,275000,100000,213000,213,340000,340000, ,0, ,0,1926,7.67525217229319E-08,0.001260807809484
2017-1-11,1017,N0000641001, ,Single Family,R Two Story,5.46666666667,45000,246000,291000,71000,120000,119000,119000,119000,172000,144.537815126,200500,330000,5/6/2016,71000, ,0,1927,7.22324830226338E-08,0.001146306135497
2017-1-11,1273,N0001243016, ,Single Family,R Two Story,4.7380952381,42000,199000,241000,116000,179000,175000,152000,169000,72000,42.6035502959,182450.5,269900,11/20/2015,95001, ,0,1935,9.24078023142502E-08,0.00133324899599
2017-1-11,1810,S0043279081, ,Single Family,"R One Story+ (1.25, 1.5, 1.75)",7.1,10000,71000,81000,76000,76000,76000,75000,95000,-14000,-14.7368421053,40000,40000, ,0, ,0,1943,7.56341875068318E-08,0.001167398251779
2017-1-11,4162,W0190125018, ,Single Family,"R SplitLevel (Tri,Quad,Split)",1.71428571429,105000,180000,285000,237000,233000,223000,223000,218000,67000,30.7339449541,290000,290000, ,0, ,0,1952,6.30643571380344E-08,0.001083280616548
2017-1-11,7596,C0080752012, ,Single Family,R One Story,2.35714285714,28000,66000,94000,115000,115000,115000,115000,120000,-26000,-21.6666666667,97000,97000, ,0, ,0,1956,1.23601677781015E-07,0.001428394911319
2017-1-11,9528,W0001704018, ,Multi-Family,R Condo Residential 50+ Units,3.48571428571,35000,122000,157000,148000,145000,145000,145000,145000,12000,8.27586206897,162500,162500, ,0, ,0,1962,3.50629290731445E-06,0.011296142717328
2017-1-11,11898,E0000001126, ,Multi-Family,R Condo Residential 50+ Units,3.56862745098,51000,182000,233000,233000,233000,233000,250000,250000,-17000,-6.8,249666.6667,264000,4/25/2016,235000,11/19/2013,250000,2005,3.03527713573684E-07,0.002894521562824
2017-1-11,16236,E0000520031, ,Single Family,R Two Story,20.4,20000,408000,428000,48000,50000,48000,48000,48000,-28000,-58.3333333333,30000,30000, ,0, ,0,0,3.75096135787269E-08,0.00102795670352
2017-1-11,16900,E0000573042, ,Single Family,R Two Story,6.16363636364,55000,339000,394000,165000,50000,40000,40000,40000,354000,885,252500,380000,1/20/2015,125000, ,0,2016,2.65796610985157E-08,0.000959902369619
2017-1-12,398,E0001763196, ,Multi-Family,R Condo Residential 50+ Units,3.13333333333,15000,47000,62000,75000,75000,74000,74000,74000,-12000,-16.2162162162,52500,52500, ,0, ,0,1968,2.46602483073656E-06,0.007125026789273
2017-1-12,923,S0002602001, ,Commercial,B Vehicle Service/Car Wash,1.08333333333,36000,39000,75000,75000,75000,75000,75000,75000,0,0,70000,70000, ,0, ,0,1984,4.79127468097964E-08,0.001154616214204
2017-1-12,2501,C0011177022, ,Single Family,R One Story,3.93333333333,45000,177000,222000,170000,167000,167000,167000,167000,-16000,-9.58083832335,150000,150000, ,0, ,0,1959,1.43200580314433E-07,0.001623544675208
2017-1-12,2699,E0002296016, ,Single Family,R One Story,3.17857142857,28000,89000,117000,134000,134000,134000,115000,115000,2000,1.73913043478,100000,100000, ,0, ,0,1954,5.76847995749527E-08,0.0010109146813
2017-1-12,3026,W0001588004, ,Single Family,R One Story,1.74,50000,87000,137000,132000,125000,125000,125000,125000,12000,9.6,270000,270000, ,0, ,0,1940,4.67426222152346E-08,0.000935636584756
2017-1-12,3245,S0071627014, ,Single Family,R Two Story,2.9,10000,29000,39000,62000,62000,65000,65000,80000,-41000,-51.25,30000,30000, ,0, ,0,1925,6.04116832212897E-08,0.001070085647821
2017-1-12,3249,C0070314022, ,Single Family,R One Story,3.03333333333,30000,91000,121000,121000,115000,115000,118000,122000,-1000,-0.819672131148,83000,83000, ,0, ,0,1964,1.21210972577758E-07,0.00148539928531
2017-1-12,3911,C0040305016, ,Single Family,R One Story,4.49056603774,53000,238000,291000,258000,247000,247000,237000,235000,56000,23.829787234,267500,298000,3/20/2012,237000, ,0,1958,1.92825087494859E-07,0.001938060781551
2017-1-12,5700,W0001402017, ,Single Family,R One Story,1.25,68000,85000,153000,144000,137000,138000,137000,137000,16000,11.6788321168,270000,270000, ,0, ,0,1923,2.8584842743079E-08,0.000858439046813
2017-1-12,6529,E0000615010, ,Single Family,R Two Story,8.3,20000,166000,186000,95000,95000,91000,91000,94000,65000,69.1489361702,95000,95000, ,0, ,0,1925,2.78729022260656E-08,0.000760913392873
2017-1-12,7413,C0010880070, ,Single Family,R One Story,4.02222222222,45000,181000,226000,220000,215000,225000,225000,200000,26000,13,224250,223500,6/10/2014,225000, ,0,1966,1.70055012299479E-07,0.001726567210766
2017-1-12,8890,N0001562020, ,Vacant,R Single Family Vacant (R1-R7),0,2000,0,2000,2000,2000,1000,1000,1000,1000,100,93500,139900,12/21/2015,47100, ,0,0,6.11041703206687E-09,0.000467568243474
2017-1-12,12148,C0080605030, ,Vacant,B Commercial Vacant Land,0,378000,0,378000,378000,378000,128000,128000,128000,250000,195.3125,99000,99000, ,0, ,0,0,1.77194157970935E-06,0.006568489216285
2017-1-12,12958,E0000252025, ,Single Family,R Two Story,4.49090909091,55000,247000,302000,269000,256000,255000,282000,228000,74000,32.4561403509,287500,325000,3/20/2014,250000, ,0,1915,1.50396254396652E-08,0.000709876529958
2017-1-12,15780,E0000519001, ,Single Family,R Two Story,10.6,20000,212000,232000,227000,20000,20000,20000,20000,212000,1060,81886.6667,230000,2/11/2016,15000,11/19/2013,660,2016,2.60474071896271E-08,0.000934101168714
2017-1-17,1100,E0000562007, ,Single Family,R Two Story,7.1,20000,142000,162000,177000,66000,62000,64000,61000,101000,165.573770492,126750,161500,3/30/2016,92000, ,0,1910,3.14948065093001E-08,0.001005541999951
2017-1-17,1665,E0000224010, ,Single Family,R Two Story,2.23529411765,85000,190000,275000,264000,251000,239000,238000,219000,56000,25.5707762557,285000,285000, ,0, ,0,1883,2.38336154521933E-08,0.000757916125877
2017-1-17,2089,C0050797034, ,Single Family,R One Story,3.84,25000,96000,121000,115000,115000,115000,124000,124000,-3000,-2.41935483871,72470,72470, ,0, ,0,1945,1.46588508995221E-07,0.001537148909347
2017-1-17,3919,C0020176007, ,Single Family,R One Story,5.36,50000,268000,318000,208000,206000,199000,199000,199000,119000,59.7989949749,203000,203000, ,0, ,0,1958,1.88712083650639E-07,0.001826514902187
2017-1-17,4257,W0002031012, ,Single Family,"R One Story+ (1.25, 1.5, 1.75)",5.22352941176,85000,444000,529000,212000,218000,209000,209000,209000,320000,153.110047847,403000,600000,12/4/2015,206000, ,0,1952,6.41552647992155E-08,0.001181983159521
2017-1-17,5710,W0000730007, ,Single Family,R Two Story,2.08444444444,225000,469000,694000,691000,668000,658000,634000,604000,90000,14.9006622517,686000,686000, ,0, ,0,1910,5.19906353451843E-08,0.001237761566773
2017-1-17,5792,N0000699022, ,Single Family,R Two Story,5.33333333333,45000,240000,285000,111000,115000,112000,112000,112000,173000,154.464285714,205000,300000,1/14/2016,110000, ,0,1923,5.79252391681414E-08,0.001191106609424
2017-1-17,6083,N0000543001, ,Single Family,"R One Story+ (1.25, 1.5, 1.75)",1.35555555556,45000,61000,106000,105000,94000,93000,93000,93000,13000,13.9784946237,65150,51100,6/29/2016,79200, ,0,1950,8.10151918447019E-08,0.001238295574304
2017-1-17,6698,C0060295014, ,Single Family,R Two Story,4.35,20000,87000,107000,93000,106000,106000,106000,121000,-14000,-11.5702479339,99300,113500,10/6/2016,85100, ,0,1983,8.28355200272164E-08,0.001235252954477
2017-1-17,6906,N0000998008, ,Single Family,R Two Story,6.66666666667,12000,80000,92000,79000,77000,77000,77000,79000,19000,24.0506329114,100000,100000, ,0, ,0,1920,3.86856967643727E-08,0.000934340983428
2017-1-17,7529,C0060497006, ,Single Family,R One Story,2.3,30000,69000,99000,87000,105000,105000,88000,109000,-10000,-9.17431192661,80000,80000, ,0, ,0,1951,1.87724712552988E-07,0.001881621371535
2017-1-17,8199,C0080418028, ,Single Family,R One Story,3.04,25000,76000,101000,93000,107000,110000,110000,110000,-9000,-8.18181818182,110000,110000, ,0, ,0,1958,1.0725604505699E-07,0.001354979046598
2017-1-17,8623,E0001674050, ,Single Family,R One Story,3.60714285714,28000,101000,129000,120000,120000,120000,127000,127000,2000,1.57480314961,108468,132500,10/23/2014,72500,7/7/2014,120404,1991,6.49265079390973E-08,0.00109802388588
2017-1-17,10930,S0001016025, ,Single Family,"R One Story+ (1.25, 1.5, 1.75)",2.56,50000,128000,178000,171000,171000,158000,158000,158000,20000,12.6582278481,185000,185000, ,0, ,0,1986,4.34479737247253E-08,0.001161527747768
2017-1-17,11041,W0001169003, ,Single Family,R Two Story,2.952,125000,369000,494000,448000,422000,352000,308000,315000,179000,56.8253968254,507000,565000,8/1/2014,449000, ,0,1912,3.15982166319859E-08,0.001024413431777
2017-1-17,11436,E0002302006, ,Single Family,R One Story,2.55,20000,51000,71000,76000,76000,76000,76000,79000,-8000,-10.1265822785,80753,80753, ,0, ,0,1951,5.68137195867068E-08,0.001003944242228
2017-1-17,11935,E0120398010, ,Single Family,R One Story,2,18000,36000,54000,54000,54000,61000,61000,61000,-7000,-11.4754098361,15000,15000, ,0, ,0,1946,6.39142688482023E-08,0.001073174541918
2017-1-17,12149,S0002318020, ,Single Family,R Two Story,3.48571428571,70000,244000,314000,215000,210000,225000,225000,225000,-28000,-12.4444444444,118000,118000, ,0, ,0,1948,1.58313338174635E-07,0.001758756495389
2017-1-17,12724,C0060254022, ,Office,B Professional Office,2.94736842105,19000,56000,75000,75000,75000,75000,75000,96000,-21000,-21.875,46370,46370, ,0, ,0,0,8.3425466216064E-08,0.001219499958692
2017-1-17,13511,C0040448010, ,Single Family,"R SplitLevel (Tri,Quad,Split)",3.11666666667,60000,187000,247000,252000,241000,239000,244000,244000,3000,1.22950819672,240700,249000,7/18/2016,232400, ,0,1956,2.56622896647611E-07,0.002163337498903
2017-1-17,13815,E0000732024, ,Single Family,R Two Story,4.31764705882,85000,367000,452000,359000,341000,315000,302000,292000,160000,54.7945205479,541500,541500, ,0, ,0,1896,2.02050492001139E-08,0.000867209970946
2017-1-17,14250,E0000433021, ,Single Family,R Two Story,3.21818181818,55000,177000,232000,204000,186000,171000,157000,165000,67000,40.6060606061,240000,240000, ,0, ,0,1920,2.95955065492535E-08,0.000955615844365
2017-1-17,15055,N0000466030, ,Single Family,R Single Family Converted ELU,8.93333333333,30000,268000,298000,275000,267000,170000,170000,188000,110000,58.5106382979,305000,305000, ,0, ,0,1900,1.49406116873756E-08,0.00064552707677
2017-1-17,15060,N0001034018, ,Duplex (2 Family),R Two Family Converted,3.02857142857,35000,106000,141000,137000,134000,116000,115000,116000,25000,21.5517241379,161000,161000, ,0, ,0,1920,6.39656499327926E-08,0.001205978421274
2017-1-17,15808,C0070553178, ,Multi-Family,R Condo Residential 50+ Units,3.53333333333,15000,53000,68000,75000,75000,75000,75000,75000,-7000,-9.33333333333,55950,55000,1/28/2016,56900, ,0,1970,4.13190262093025E-06,0.013032850790715
2017-1-17,16874,E0000482028, ,Single Family,R Two Story,5.56363636364,55000,306000,361000,282000,266000,110000,208000,78000,283000,362.820512821,215000,215000, ,0, ,0,1903,2.64213573220172E-08,0.000939382466516
2017-1-18,808,C0050776005, ,Institutional,B Educational,1.70042194093,237000,403000,640000,728000,728000,728000,728000,728000,-88000,-12.0879120879,675000,675000, ,0, ,0,1984,6.72948922403661E-07,0.003729513052112
2017-1-18,4829,N0001453021, ,Single Family,"R One Story+ (1.25, 1.5, 1.75)",8.53333333333,15000,128000,143000,88000,88000,80000,80000,80000,8000,10,86550,86550, ,0, ,0,1932,5.47884743289716E-08,0.000946868595962
2017-1-18,5260,N0001350034, ,Single Family,R One Story,3.35,20000,67000,87000,87000,87000,80000,80000,80000,7000,8.75,55000,55000, ,0, ,0,1952,8.25107223434342E-08,0.001325059499773
2017-1-18,6168,E0100140024, ,Single Family,R One Story,4,20000,80000,100000,58000,57000,57000,64000,66000,34000,51.5151515152,75000,110000,2/2/2015,40000, ,0,1953,6.20383996341666E-08,0.001114465372258
2017-1-18,7386,N0000697011, ,Single Family,R Two Story,4.6,40000,184000,224000,135000,122000,120000,120000,120000,104000,86.6666666667,219000,219000, ,0, ,0,1924,4.02528886741384E-08,0.00112115611317
2017-1-18,9008,C0060295008, ,Single Family,R One Story,3.4,20000,68000,88000,80000,89000,89000,89000,114000,-26000,-22.8070175439,85932,85932, ,0, ,0,1983,9.9913986095034E-08,0.001459063175075
2017-1-18,10719,N0001592005, ,Single Family,R Two Story,1.83333333333,60000,110000,170000,143000,143000,137000,130000,130000,40000,30.7692307692,210500,210500, ,0, ,0,0,2.38760453487923E-08,0.000992910886984
2017-1-18,13454,C0011100032, ,Multi-Family,R Condo Residential 50+ Units,4.06666666667,30000,122000,152000,148000,148000,153000,180000,180000,-28000,-15.5555555556,182000,182000, ,0, ,0,1987,1.01468505626426E-08,0.000449195869901
2017-1-18,14197,N0000889024, ,Single Family,R Two Story,5.125,40000,205000,245000,132000,120000,117000,117000,117000,128000,109.401709402,90250,90250, ,0, ,0,1922,5.24502822175134E-08,0.001156432329807
2017-1-18,14868,C0050623006, ,Single Family,R One Story,2.6,40000,104000,144000,137000,137000,137000,146000,146000,-2000,-1.3698630137,112791,112791, ,0, ,0,1954,2.18110121720384E-07,0.001852024854379
2017-1-18,15173,C0070176115, ,Commercial,B General Retail/Service,1.46511627907,86000,126000,212000,180000,180000,180000,180000,180000,32000,17.7777777778,225000,225000, ,0, ,0,1971,1.20225004892243E-07,0.001635799775061
2017-1-19,684,C0011266042, ,Single Family,R One Story,4.1,50000,205000,255000,228000,223000,222000,222000,197000,32000,16.2436548223,234975,239950,3/25/2013,230000, ,0,1964,2.00492321916802E-07,0.001929348926269
2017-1-19,3618,E0000966014, ,Single Family,R One Story,5.9,20000,118000,138000,79000,58000,59000,59000,59000,79000,133.898305085,55000,55000, ,0, ,0,1920,3.33752787248786E-08,0.000973930956587
2017-1-19,3887,N0000064034, ,Single Family,R Two Story,2.71428571429,35000,95000,130000,128000,125000,122000,53000,53000,77000,145.283018868,89000,89000, ,0, ,0,1900,2.09393514418546E-08,0.000902796318856
2017-1-19,5460,S0000468002, ,Vacant,R Single Family Vacant (R1-R7),0,10000,0,10000,10000,10000,10000,10000,18000,-8000,-44.4444444444,6500,6500, ,0, ,0,0,3.64646946564486E-08,0.000809867796293
2017-1-19,5760,C0011092040, ,Single Family,R One Story,3.04,50000,152000,202000,189000,185000,177000,177000,177000,25000,14.1242937853,225000,225000, ,0, ,0,1960,2.23389604732051E-07,0.002156649247559
2017-1-19,6837,C0030095038, ,Single Family,R One Story,4.6,70000,322000,392000,281000,277000,273000,273000,284000,108000,38.0281690141,445000,445000, ,0, ,0,1956,4.51890156648088E-07,0.003089441739314
2017-1-19,6899,E0120281002, ,Single Family,R Two Story,1.08333333333,12000,13000,25000,19000,34000,34000,74000,74000,-49000,-66.2162162162,22500,25500,11/24/2014,19500, ,0,1919,6.69309023690263E-08,0.00115927579028
2017-1-19,7118,C0020103010, ,Single Family,R One Story,3.47222222222,36000,125000,161000,151000,151000,146000,160000,160000,1000,0.625,167000,167000, ,0, ,0,2004,2.05521813925619E-07,0.002048784270126
2017-1-19,7686,C0060403024, ,Single Family,R One Story,2,25000,50000,75000,75000,69000,70000,70000,88000,-13000,-14.7727272727,46000,46000, ,0, ,0,1958,1.04307691343867E-07,0.001322899371258
2017-1-19,7793,W0002031008, ,Single Family,R Two Story,2.18666666667,75000,164000,239000,306000,295000,262000,262000,262000,-23000,-8.7786259542,233500,233500, ,0, ,0,1936,6.54142398799768E-08,0.001139651126221
2017-1-19,9408,E0000380024, ,Single Family,R Two Story,4.13333333333,45000,186000,231000,110000,100000,25000,25000,20000,211000,1055,142500,240000,6/10/2015,45000, ,0,2016,9.94295337800584E-09,0.000435880909719
2017-1-19,14141,E0000806015, ,Vacant,R Single Family Vacant (R1-R7),0,18000,0,18000,18000,18000,20000,20000,20000,-2000,-10,11000,11000, ,0, ,0,0,1.30511699471503E-08,0.000546838012921
2017-1-19,14699,E0000632026, ,Single Family,R Two Story,5.5,60000,330000,390000,367000,50000,45000,45000,43000,347000,806.976744186,163333.3333,400000,5/27/2015,45000,5/27/2015,45000,2016,2.98204297393029E-08,0.000956402054757
2017-1-19,15484,W0000530040, ,Single Family,R Two Story,3.155,200000,631000,831000,695000,671000,665000,646000,635000,196000,30.8661417323,950000,950000, ,0, ,0,1901,3.88883991994121E-08,0.001127012901566
2017-1-19,15877,C0050600010, ,Single Family,R One Story,3.325,40000,133000,173000,119000,119000,119000,119000,126000,-3000,-2.38095238095,102950,102950, ,0, ,0,1951,4.11707960012753E-07,0.002669312362075
2017-1-20,1237,E0000556016, ,Duplex (2 Family),R Two Family Blt-As,0.75,20000,15000,35000,29000,25000,25000,35000,54000,-19000,-35.1851851852,30000,30000, ,0, ,0,1909,3.61412185981675E-08,0.000988125339329
2017-1-20,1630,C0020065012, ,Single Family,R One Story,3.3950617284,81000,275000,356000,206000,206000,205000,186000,186000,170000,91.3978494624,293500,381000,2/17/2016,206000, ,0,1956,4.23352859783337E-07,0.00338066377934
2017-1-20,3746,E0000557019, ,Vacant,R Single Family Vacant (R1-R7),0,20000,0,20000,20000,20000,20000,20000,20000,0,0,25000,25000, ,0, ,0,0,3.50682403684393E-08,0.000984709032867
2017-1-20,5821,W0200195031, ,Single Family,R Two Story,3.44324324324,185000,637000,822000,789000,789000,786000,771000,771000,51000,6.61478599222,824500,850000,11/15/2013,799000, ,0,1946,1.18656039847282E-07,0.001536615601894
2017-1-20,6419,E0000615029, ,Vacant,R Single Family Vacant (R1-R7),0,20000,0,20000,20000,20000,20000,20000,20000,0,0,8250,8250, ,0, ,0,0,2.47271746308001E-08,0.000926490157785
2017-1-20,7711,E0000477034, ,Single Family,R Two Story,4.8,50000,240000,290000,77000,72000,70000,131000,128000,-6000,-4.6875,115825,121650,9/26/2016,110000, ,0,1920,2.86191364604961E-08,0.000979878030351
2017-1-20,14028,W0190278043, ,Multi-Family,R Condo Residential <11 Units,3.13333333333,45000,141000,186000,185000,185000,185000,165000,165000,21000,12.7272727273,185000,185000, ,0, ,0,1960,1.07782974749755E-07,0.001340398902977
2017-1-20,14381,E0000804017, ,Single Family,R Two Story,5.95,20000,119000,139000,91000,85000,82000,82000,82000,-1000,-1.21951219512,98000,98000, ,0, ,0,1925,3.11972735788873E-08,0.000948035649364
2017-1-23,721,C0040304004, ,Single Family,R One Story,2.68,50000,134000,184000,193000,188000,188000,181000,179000,5000,2.79329608939,189383,189383, ,0, ,0,1955,1.52638358080887E-07,0.001600062405126
2017-1-23,3693,C0040301014, ,Single Family,R One Story,5,43000,215000,258000,246000,228000,226000,217000,201000,57000,28.3582089552,273500,287000,4/29/2014,260000, ,0,1955,1.31817278067255E-07,0.00148667214075
2017-1-23,4470,N0001060007, ,Single Family,R Two Story,14.8,15000,222000,237000,15000,15000,21000,23000,80000,-65000,-81.25,30000,30000, ,0, ,0,2017,4.7658544507166E-08,0.001131524806876
2017-1-23,4780,N0001060008, ,Single Family,R Two Story,14.8,15000,222000,237000,15000,15000,21000,21000,21000,-6000,-28.5714285714,30000,30000, ,0, ,0,2017,4.32344783881376E-08,0.001111354291741
2017-1-23,4985,N0000180002, ,Single Family,R Two Story,5.22222222222,36000,188000,224000,156000,152000,151000,186000,186000,38000,20.4301075269,237500,237500, ,0, ,0,1915,1.87595599461636E-08,0.000743180656717
2017-1-23,6227,C0051067038, ,Single Family,R One Story,3.12,25000,78000,103000,71000,71000,78000,78000,78000,-5000,-6.41025641026,67562,41054,9/1/2016,94070, ,0,1959,1.62691737082266E-07,0.001738459356655
2017-1-23,9727,E0120228018, ,Vacant,R Single Family Vacant (R1-R7),0,1000,0,1000,1000,1000,1000,1000,1000,0,0,60000,60000, ,0, ,0,0,6.17925510640401E-09,0.000664775082061
2017-1-23,9804,E0000627047, ,Single Family,R Two Story,5.5,20000,110000,130000,126000,27000,29000,30000,62000,68000,109.677419355,95000,134000,1/19/2016,35000,11/12/2013,116000,0,1.89540251174835E-08,0.000750864098084
2017-1-23,12910,E0001290014, ,Single Family,R Two Story,0,54000,0,54000,27000,20000,20000,20000,20000,34000,170,55000,55000, ,0, ,0,0,2.97321480987798E-08,0.00093888402924
2017-1-23,15277,E0100105012, ,Single Family,R One Story,2.35,20000,47000,67000,67000,67000,67000,67000,69000,-2000,-2.89855072464,62500,62500, ,0, ,0,1954,5.18507139018263E-08,0.001093219248659
2017-1-23,16086,C0040499026, ,Single Family,R Two Story,2.75471698113,53000,146000,199000,196000,99000,98000,125000,155000,44000,28.3870967742,167750,219000,6/16/2014,116500, ,0,1920,2.6246395588191E-07,0.002375347803846
2017-1-24,2346,N0002351011, ,Multi-Family,R Apartments 100+ Units,0.689950980392,816000,563000,1379000,1890000,1890000,1890000,1645000,2183000,-804000,-36.8300503894,2725000,3700000,4/29/2015,1750000, ,0,1946,1.43432740680515E-06,0.006853174368477
2017-1-24,3614,W0190182006, ,Single Family,"R One Story+ (1.25, 1.5, 1.75)",3.0125,80000,241000,321000,317000,307000,293000,276000,244000,77000,31.5573770492,312250,330000,6/6/2013,294500, ,0,1946,6.31545858963739E-08,0.00111481816582
2017-1-24,5981,N0001454025, ,Single Family,R One Story,6.41666666667,12000,77000,89000,79000,79000,71000,71000,71000,8000,11.2676056338,36000,36000, ,0, ,0,1929,3.88508174676805E-08,0.000837248867752
2017-1-24,6534,E0000859013, ,Single Family,R Two Story,8.66666666667,15000,130000,145000,97000,97000,101000,101000,101000,44000,43.5643564356,40000,40000, ,0, ,0,1910,2.58087699461666E-08,0.000935772403306
2017-1-24,7206,C0040298006, ,Single Family,"R One Story+ (1.25, 1.5, 1.75)",3.10909090909,55000,171000,226000,153000,153000,151000,147000,213000,-111000,-52.1126760563,100000,100000, ,0, ,0,1981,2.56493907932415E-07,0.002160022879738
2017-1-24,8468,N0002351027, ,Multi-Family,R Apartments 100+ Units,0.690789473684,912000,630000,1542000,2110000,2110000,2110000,1855000,2442000,-900000,-36.855036855,2725000,3700000,4/29/2015,1750000, ,0,1946,1.75346117705908E-06,0.007249525428695
2017-1-24,8898,E0120399014, ,Single Family,R One Story,2.44444444444,18000,44000,62000,62000,62000,66000,66000,66000,-4000,-6.06060606061,37500,37500, ,0, ,0,1946,9.04903858853231E-08,0.001309464835726
2017-1-24,11084,W0001368039, ,Multi-Family,R Condo Residential <11 Units,3.63076923077,65000,236000,301000,290000,290000,285000,285000,285000,16000,5.61403508772,354000,354000, ,0, ,0,1920,6.90238180974985E-08,0.001159299030774
2017-1-24,14657,E0000577032, ,Multi-Family,R Condo Residential <11 Units,3.06,50000,153000,203000,203000,200000,200000,200000,200000,3000,1.5,268000,268000, ,0, ,0,1900,3.22769931721279E-08,0.001132290066535
2017-1-24,17043,N0001153029, ,Single Family,"R One Story+ (1.25, 1.5, 1.75)",7.5,20000,150000,170000,74000,74000,74000,74000,74000,0,0,41000,38000,12/29/2015,44000, ,0,1925,4.97495777584101E-08,0.000925624465286
2017-1-24,17384,N0000973005, ,Single Family,R Two Story,6.2962962963,27000,170000,197000,127000,122000,135000,133000,134000,63000,47.0149253731,135000,135000, ,0, ,0,1924,3.81155599815127E-08,0.001094853286142
2017-1-25,2836,C0050227020, ,Single Family,"R SplitLevel (Tri,Quad,Split)",3.66666666667,30000,110000,140000,136000,136000,136000,135000,181000,-41000,-22.6519337017,179183,257000,4/19/2016,140000,2/8/2016,140549,1958,1.21512467842106E-07,0.00149464673098
2017-1-25,6398,C0050341117, ,Multi-Family,R Condo Residential 12-49 Unit,2.71428571429,35000,95000,130000,159000,159000,159000,159000,159000,-29000,-18.2389937107,111250,140000,9/11/2015,87500,2/24/2015,106250,1982,7.07805332674845E-09,0.000343800483514
2017-1-25,8394,E0000859008, ,Single Family,R Two Story,9.2,15000,138000,153000,151000,150000,163000,163000,163000,-10000,-6.13496932515,127800,127800, ,0, ,0,2007,3.45002400792008E-08,0.000974466263682
2017-1-25,15258,N0160130005, ,Single Family,R Two Story,4.69047619048,42000,197000,239000,154000,151000,146000,133000,147000,16000,10.8843537415,126000,126000, ,0, ,0,1945,8.52796725495633E-08,0.001513231540255
2017-1-26,7007,E0000479022, ,Single Family,R Two Story,3.98,50000,199000,249000,241000,165000,154000,137000,153000,96000,62.7450980392,209000,250000,4/8/2016,168000, ,0,1910,2.63784256409441E-08,0.000941763823881
2017-1-26,9867,E0000374010, ,Single Family,R Two Story,5.65,20000,113000,133000,107000,74000,116000,118000,120000,13000,10.8333333333,86166.6667,151000,2/10/2015,57500,7/7/2014,50000,1915,3.07101815016822E-08,0.001010026026456
2017-1-26,10056,E0000708028, ,Single Family,R Two Story,7.95,20000,159000,179000,168000,44000,56000,57000,63000,116000,184.126984127,97900,187000,11/24/2014,8800, ,0,2016,2.615396956005E-08,0.000938349730353
2017-1-26,10774,E0000517010, ,Single Family,R Two Story,6.85,20000,137000,157000,45000,45000,75000,75000,77000,80000,103.896103896,72000,72000, ,0, ,0,1900,2.1597156281133E-08,0.000923385191446
2017-1-26,14654,N0000592014, ,Single Family,"R One Story+ (1.25, 1.5, 1.75)",3.04444444444,45000,137000,182000,144000,128000,125000,125000,125000,57000,45.6,198500,198500, ,0, ,0,1948,8.75167144133209E-08,0.001680942217466
2017-1-27,434,N0000972031, ,Single Family,R Two Story,5,35000,175000,210000,94000,92000,107000,105000,105000,-2000,-1.90476190476,116000,116000, ,0, ,0,1920,6.02746874238741E-08,0.001191000671843
2017-1-27,1569,N0000710017, ,Single Family,R One Story,3.48,25000,87000,112000,55000,55000,55000,55000,55000,0,0,1750,1750, ,0, ,0,1951,6.33364523886456E-08,0.001118009848126
2017-1-27,2347,S0002003027, ,Single Family,R One Story,3,10000,30000,40000,10000,10000,10000,10000,31000,-21000,-67.7419354839,5775,5775, ,0, ,0,2017,5.58178208849204E-08,0.001198909493037
2017-1-27,2547,N0051186007, ,Single Family,R Two Story,7.83333333333,12000,94000,106000,47000,56000,56000,56000,58000,48000,82.7586206897,24750,24750, ,0, ,0,1920,3.71672433138966E-08,0.000941170515963
2017-1-27,2775,S0002003026, ,Single Family,R Single Family Shell,5.8,10000,58000,68000,42000,42000,42000,43000,30000,-1000,-3.33333333333,19800,19800, ,0, ,0,1927,4.41196814661879E-08,0.001139869578396
2017-1-27,2862,N0000504014, ,Single Family,R Two Story,3,25000,75000,100000,24000,24000,48000,62000,62000,-37000,-59.6774193548,1750,1750, ,0, ,0,2017,6.03837607974269E-08,0.001188239198241
2017-1-27,3357,N0000699006, ,Single Family,R Two Story,5.37777777778,45000,242000,287000,133000,122000,119000,119000,119000,-10000,-8.40336134454,110000,110000, ,0, ,0,1925,8.74671840634753E-08,0.001297432727279
2017-1-27,3914,E0000528005, ,Single Family,R Two Story,5.2,60000,312000,372000,192000,207000,194000,180000,212000,160000,75.4716981132,281750,376000,8/11/2016,187500, ,0,1910,4.25460644418963E-08,0.001036923964237
2017-1-27,4077,S0002602003, ,Vacant,B Commercial Vacant Land,0,36000,0,36000,36000,36000,23000,23000,23000,13000,56.5217391304,8800,8800, ,0, ,0,0,4.84892928361642E-08,0.001154904712666
2017-1-27,5385,E0001082007, ,Vacant,R Single Family Vacant (R1-R7),0,18000,0,18000,25000,25000,25000,25000,63000,-38000,-60.3174603175,5225,5225, ,0, ,0,0,4.21845925175165E-08,0.001014559428928
2017-1-27,6179,E0000928026, ,Single Family,R One Story,11.2307692308,13000,146000,159000,13000,13000,13000,13000,13000,146000,1123.07692308,11000,11000, ,0, ,0,2017,6.95092814435887E-08,0.001216781425346
2017-1-27,6606,E0000617019, ,Single Family,R Two Story,10.75,20000,215000,235000,26000,23000,23000,35000,41000,-21000,-51.2195121951,15400,15400, ,0, ,0,2017,3.10354316242265E-08,0.000930146321581
2017-1-27,6707,E0001544019, ,Single Family,R One Story,3.37142857143,35000,118000,153000,91000,51000,45000,45000,45000,48000,106.666666667,1750,1750, ,0, ,0,0,4.7134838959148E-08,0.000954527812107
2017-1-27,6895,N0000697001, ,Single Family,R Two Story,6.825,40000,273000,313000,85000,79000,77000,77000,77000,28000,36.3636363636,104500,104500, ,0, ,0,1919,5.06030393253255E-08,0.001006411123694
2017-1-27,7960,E0000723001, ,Single Family,R Two Story,2.45,20000,49000,69000,68000,82000,82000,95000,96000,-27000,-28.125,66000,66000, ,0, ,0,0,2.52513734023468E-08,0.000771012266522
2017-1-27,10557,W0200110024, ,Single Family,"R One Story+ (1.25, 1.5, 1.75)",2.88181818182,110000,317000,427000,385000,373000,368000,374000,374000,-19000,-5.08021390374,337000,337000, ,0, ,0,1941,6.4793017239068E-08,0.001208516868993
2017-1-27,12470,E0000370003, ,Vacant,R Single Family Vacant (R1-R7),0,25000,0,25000,25000,25000,25000,25000,25000,0,0,29700,29700, ,0, ,0,0,3.80191357280691E-08,0.000869267893736
2017-1-27,13025,E0000622002, ,Single Family,R Two Story,0.45,20000,9000,29000,23000,27000,29000,29000,32000,-3000,-9.375,33000,33000, ,0, ,0,1910,3.694073815534E-08,0.001015706901858
2017-1-27,13223,E0000721016, ,Single Family,R Two Story,1.55,20000,31000,51000,51000,41000,47000,47000,47000,4000,8.51063829787,46750,46750, ,0, ,0,0,2.60803999408122E-08,0.000977969843411
2017-1-27,13264,E0000864022, ,Vacant,R Single Family Vacant (R1-R7),0,15000,0,15000,15000,15000,19000,19000,19000,-4000,-21.0526315789,8250,8250, ,0, ,0,0,2.58598434762544E-08,0.000961608658248
2017-1-27,15004,E0000951019, ,Single Family,R Two Story,10.2222222222,18000,184000,202000,67000,67000,107000,107000,107000,-40000,-37.3831775701,41800,41800, ,0, ,0,1910,7.38840689763576E-08,0.001195892328196
2017-1-27,15021,E0000951026, ,Vacant,R Single Family Vacant (R1-R7),0,15000,0,15000,30000,30000,53000,53000,53000,-38000,-71.6981132075,9900,9900, ,0, ,0,0,3.69416673394736E-08,0.001014494168914
2017-1-27,16073,E0000928032, ,Single Family,R Two Story,8,11000,88000,99000,14000,14000,25000,0,50000,-39000,-78,7150,7150, ,0, ,0,2017,5.45584913645958E-08,0.001110311369143
2017-1-27,16951,E0000966015, ,Single Family,R One Story,1.05,20000,21000,41000,41000,35000,35000,35000,35000,6000,17.1428571429,1750,1750, ,0, ,0,1920,3.18800671697558E-08,0.000966367075449
2017-1-27,17309,E0000731016, ,Single Family,R Two Story,2.94444444444,90000,265000,355000,312000,331000,303000,300000,271000,84000,30.9963099631,338250,376500,7/22/2015,300000, ,0,1910,3.5414811412781E-08,0.001093257958445
2017-1-3,3684,S0042906021, ,Single Family,R One Story,8.5,10000,85000,95000,67000,67000,67000,67000,86000,9000,10.4651162791,50199.5,45999,10/5/2016,54400, ,0,1966,8.02580527806248E-08,0.001331359968047
2017-1-3,7511,C0080342028, ,Single Family,"R One Story+ (1.25, 1.5, 1.75)",3.52,25000,88000,113000,105000,95000,97000,97000,97000,16000,16.4948453608,115500,120000,7/26/2013,111000, ,0,1949,1.40236796896196E-07,0.001658117515188
2017-1-3,9174,C0010684008, ,Single Family,R Two Story,6.22222222222,45000,280000,325000,310000,310000,310000,254000,254000,71000,27.9527559055,317250,325000,5/6/2013,309500, ,0,2005,1.43948763316729E-07,0.001836022581571
2017-1-3,13507,E0000432006, ,Single Family,R Two Story,3.02222222222,45000,136000,181000,169000,165000,159000,135000,136000,45000,33.0882352941,190000,190000, ,0, ,0,1900,1.35857490163256E-08,0.000579189288252
2017-1-3,13957,W0001087009, ,Multi-Family,R Three Family Converted,2.48888888889,135000,336000,471000,404000,394000,363000,354000,287000,184000,64.1114982578,428750,528500,8/15/2012,329000, ,0,1910,3.85691032095013E-08,0.001054869688668
2017-1-3,14330,S0080814031, ,Office,B Professional Office,1.49122807018,57000,85000,142000,109000,109000,109000,109000,109000,33000,30.2752293578,150000,150000, ,0, ,0,1956,1.55551842796778E-07,0.001627024407735
2017-1-3,16519,W0000896020, ,Single Family,R Two Story,1.98666666667,75000,149000,224000,133000,126000,124000,118000,118000,106000,89.8305084746,255000,255000, ,0, ,0,1920,2.72829630967853E-08,0.000850492996115
2017-1-3,16939,E0000427014, ,Multi-Family,R Four Family Blt-As,2.46666666667,60000,148000,208000,260000,260000,244000,244000,213000,-5000,-2.34741784038,212300,212300, ,0, ,0,1910,3.76847331072579E-08,0.00090092666301
2017-1-30,1574,E0000614022, ,Single Family,R Two Story,7.25,20000,145000,165000,117000,109000,104000,104000,108000,57000,52.7777777778,105000,105000, ,0, ,0,1920,3.36353581657194E-08,0.00098067399935
2017-1-30,1685,C0040428044, ,Single Family,"R SplitLevel (Tri,Quad,Split)",4.7,50000,235000,285000,253000,213000,206000,193000,207000,78000,37.6811594203,296000,296000, ,0, ,0,1959,1.72432455998753E-07,0.00169768738781
2017-1-30,3827,C0030044014, ,Single Family,R Two Story,4.23333333333,60000,254000,314000,307000,301000,294000,294000,294000,20000,6.80272108844,330000,330000, ,0, ,0,1978,2.8009441086592E-07,0.002434338062422
2017-1-30,7428,W0210138023, ,Single Family,"R One Story+ (1.25, 1.5, 1.75)",3.06451612903,62000,190000,252000,211000,207000,205000,205000,205000,47000,22.9268292683,279900,279900, ,0, ,0,1946,6.38178639656839E-08,0.001223311929527
2017-1-30,10700,E0000730019, ,Duplex (2 Family),R Two Family Blt-As,4.6,65000,299000,364000,324000,310000,291000,268000,295000,69000,23.3898305085,369950,369950, ,0, ,0,1900,4.3618208330728E-08,0.000947693285347
2017-1-30,11744,C0050603131, ,Single Family,R Two Story,3.8,30000,114000,144000,140000,140000,130000,130000,130000,14000,10.7692307692,116500,145000,10/21/2016,88000, ,0,2006,1.60978868498352E-08,0.000636849967589
2017-1-30,13085,W0220085004, ,Single Family,R Two Story,0.996666666667,300000,299000,599000,481000,481000,476000,475000,475000,124000,26.1052631579,675000,675000, ,0, ,0,1978,2.43056496807905E-07,0.002174815588046
2017-1-30,14015,E0000621003, ,Single Family,R Two Story,7.5,20000,150000,170000,167000,20000,0,0,0,170000,0,170000,170000, ,0, ,0,2016,3.54420621631812E-08,0.001003392952193
2017-1-30,14324,W0220095001, ,Single Family,"R Two Story+ (2.5, 3.0, 3+)",5.62666666667,300000,1688000,1988000,1954000,1879000,1512000,1502000,1502000,486000,32.3568575233,1975000,2000000,7/7/2014,1950000, ,0,1925,2.70453688540129E-07,0.002493565055038
2017-1-31,5427,E0000878027, ,Vacant,R Single Family Vacant (R1-R7),0,30000,0,30000,30000,30000,25000,25000,25000,5000,20,30000,30000, ,0, ,0,0,6.0073211985367E-08,0.001132934239964
2017-1-31,6075,S0060244031, ,Single Family,R One Story,2.6,60000,156000,216000,203000,198000,181000,181000,181000,35000,19.3370165746,200000,200000, ,0, ,0,1922,7.6055579997288E-08,0.001186643192458
2017-1-31,6792,E0001235004, ,Single Family,R One Story,10.1818181818,11000,112000,123000,80000,78000,78000,74000,74000,-32000,-43.2432432432,24750,8000,1/31/2017,41500, ,0,1910,4.73956918621678E-08,0.001119443835436
2017-1-31,7894,W0220110007, ,Single Family,R Two Story,3.46545454545,275000,953000,1228000,538000,538000,527000,525000,553000,65000,11.7540687161,627000,627000, ,0, ,0,1942,1.43189922162945E-07,0.001543693008933
2017-1-31,7973,W0200152040, ,Single Family,R Two Story,2.57142857143,175000,450000,625000,311000,306000,283000,283000,283000,342000,120.848056537,426333.3333,615000,5/5/2016,350000,2/22/2016,314000,1954,6.79777143793688E-08,0.001230928625995
2017-1-31,9100,S0043278059, ,Single Family,"R One Story+ (1.25, 1.5, 1.75)",4.7,10000,47000,57000,54000,54000,54000,54000,45000,12000,26.6666666667,38000,38000, ,0, ,0,1944,6.10132924541234E-08,0.001145675954804
2017-1-31,10784,E0002817005, ,Single Family,R Two Story,4.3,20000,86000,106000,106000,105000,105000,104000,103000,3000,2.91262135922,90722,90722, ,0, ,0,1900,4.1904286529232E-08,0.000912312136101
2017-1-31,13015,E0000431008, ,Single Family,R Two Story,3.27272727273,55000,180000,235000,183000,162000,161000,160000,168000,67000,39.880952381,160000,160000, ,0, ,0,1910,4.09920522398508E-08,0.001043257659193
2017-1-4,1410,C0030061006, ,Single Family,R Two Story,3.83636363636,55000,211000,266000,263000,259000,258000,258000,258000,8000,3.1007751938,285000,285000, ,0, ,0,1987,2.50316666457049E-07,0.002121517579339
2017-1-4,1623,E0000972022, ,Single Family,R Two Story,6.33333333333,30000,190000,220000,213000,211000,207000,207000,207000,13000,6.28019323671,235000,235000, ,0, ,0,1916,2.78112473700965E-08,0.000866475836132
2017-1-4,2199,N0001467023, ,Single Family,"R One Story+ (1.25, 1.5, 1.75)",1.9,20000,38000,58000,58000,58000,56000,56000,59000,-1000,-1.69491525424,43000,43000, ,0, ,0,1941,6.98324449756679E-08,0.001239935116843
2017-1-4,4322,S0002923104, ,Multi-Family,R Condo Residential 50+ Units,2.93333333333,15000,44000,59000,59000,59000,59000,59000,59000,0,0,20773,20773, ,0, ,0,1961,1.56593335377516E-06,0.00544274386833
2017-1-4,4834,W0000470022, ,Single Family,R Single Family Shell,1.36153846154,130000,177000,307000,233000,229000,222000,297000,297000,10000,3.367003367,291500,291500, ,0, ,0,1900,3.52878843294149E-08,0.001063770541258
2017-1-4,5969,N0000643009, ,Single Family,R Two Story,5.66666666667,45000,255000,300000,115000,59000,102000,102000,102000,198000,194.117647059,173000,297000,4/23/2015,49000, ,0,1910,7.71361101613482E-08,0.001224597000966
2017-1-4,11104,E0000438043, ,Multi-Family,R Condo Residential 12-49 Unit,2.3,50000,115000,165000,165000,163000,163000,170000,170000,-5000,-2.94117647059,200000,200000, ,0, ,0,1922,1.63686073537915E-07,0.001653466028668
2017-1-4,12513,S0000153009, ,Single Family,R Two Story,4.76,25000,119000,144000,130000,135000,135000,135000,135000,9000,6.66666666667,178500,178500, ,0, ,0,1918,3.66950245181669E-08,0.001102597926112
2017-1-4,14133,C0081265017, ,Single Family,R Two Story,5.175,40000,207000,247000,224000,224000,224000,224000,224000,23000,10.2678571429,265000,265000, ,0, ,0,2006,1.43280736294357E-07,0.00155019239209
2017-1-4,14666,W0001034031, ,Single Family,R Two Story,0.8,75000,60000,135000,148000,138000,135000,124000,124000,1000,0.806451612903,85000,85000, ,0, ,0,1917,1.9531244189068E-08,0.000805704229668
2017-1-4,14750,C0011230043, ,Single Family,R One Story,3.29473684211,95000,313000,408000,393000,95000,0,0,0,408000,0,271345,462690,12/14/2015,80000, ,0,2016,1.09840524000241E-07,0.001421957831234
2017-1-4,17030,W0210250028, ,Single Family,R One Story,2.17142857143,70000,152000,222000,211000,208000,203000,203000,206000,16000,7.76699029126,239000,239000, ,0, ,0,1950,7.23900021256161E-08,0.001122776763188
2017-1-4,17343,W0001085008, ,Single Family,"R Two Story+ (2.5, 3.0, 3+)",1.55483870968,155000,241000,396000,595000,595000,577000,560000,560000,35000,6.25,612500,612500, ,0, ,0,1920,2.44684500741E-08,0.000678225450753
2017-1-5,4734,S0002610005, ,Single Family,R One Story,10.4,10000,104000,114000,83000,83000,83000,82000,106000,8000,7.54716981132,49900,49900, ,0, ,0,1941,6.20632545221997E-08,0.001172895874283
2017-1-5,5932,N0000983002, ,Single Family,R Two Story,5.65,20000,113000,133000,80000,79000,79000,89000,89000,-7000,-7.86516853933,80169.5,80339,7/26/2013,80000, ,0,1927,3.54561427761598E-08,0.001087944082106
2017-1-5,8058,N0000539004, ,Single Family,R Two Story,4.6,45000,207000,252000,158000,143000,141000,141000,141000,111000,78.7234042553,120000,120000, ,0, ,0,1920,6.53799368106618E-08,0.001111163684312
2017-1-5,8871,W0000862005, ,Multi-Family,R Three Family Converted,2.416,125000,302000,427000,367000,358000,325000,317000,315000,112000,35.5555555556,585000,585000, ,0, ,0,1908,2.87387908157929E-08,0.000986246592672
2017-1-5,9857,S0042769002, ,Single Family,"R One Story+ (1.25, 1.5, 1.75)",11.8,10000,118000,128000,86000,86000,86000,85000,110000,-41000,-37.2727272727,66000,66000, ,0, ,0,1942,5.93892287400295E-08,0.001133947355934
2017-1-5,10783,C0010891214, ,Single Family,R One Story,2.90526315789,95000,276000,371000,95000,95000,95000,95000,95000,276000,290.526315789,100000,100000, ,0, ,0,2017,5.26263270505992E-08,0.000992354792765
2017-1-5,11135,E0000336005, ,Single Family,R Two Story,6.65454545455,55000,366000,421000,404000,106000,59000,55000,49000,372000,759.183673469,268000,430000,8/24/2015,106000, ,0,1908,2.00833345657278E-08,0.000888158189343
2017-1-5,11919,C0030240027, ,Single Family,R One Story,3.95833333333,48000,190000,238000,220000,217000,215000,215000,223000,15000,6.7264573991,219650,249950,7/31/2015,223000,2/1/2012,186000,2007,3.20166370563889E-07,0.002272592244724
2017-1-5,14670,N0000946016, ,Vacant,R Single Family Vacant (R1-R7),0,10000,0,10000,9000,9000,9000,9000,9000,1000,11.1111111111,975833.3333,635000,4/28/2014,1357500,4/8/2013,935000,0,1.78901161877296E-08,0.000725767108256
2017-1-5,14671,N0000947009, ,Vacant,R Single Family Vacant (R1-R7),0,10000,0,10000,9000,9000,9000,9000,9000,1000,11.1111111111,975833.3333,635000,4/28/2014,1357500,4/8/2013,935000,0,1.97289528161562E-08,0.000733387328853
2017-1-5,15902,N0000946020, ,Multi-Family,R Four Family Blt-As,5,25000,125000,150000,145000,142000,141000,141000,141000,9000,6.3829787234,975833.3333,635000,4/28/2014,1357500,4/8/2013,935000,1963,4.75041073207287E-08,0.000925816936001
2017-1-5,15911,N0000946017, ,Vacant,R Single Family Vacant (R1-R7),0,10000,0,10000,11000,11000,11000,11000,11000,-1000,-9.09090909091,975833.3333,635000,4/28/2014,1357500,4/8/2013,935000,0,2.01132767193251E-08,0.000740785418505
2017-1-5,15912,N0000946015, ,Vacant,R Single Family Vacant (R1-R7),0,10000,0,10000,9000,9000,9000,9000,9000,1000,11.1111111111,975833.3333,635000,4/28/2014,1357500,4/8/2013,935000,0,1.9001617210243E-08,0.000733275952911
2017-1-5,15927,N0000947002, ,Multi-Family,R Four Family Blt-As,4.88,25000,122000,147000,144000,141000,140000,141000,141000,6000,4.25531914894,975833.3333,635000,4/28/2014,1357500,4/8/2013,935000,1964,4.92545722906248E-08,0.000941751487946
2017-1-5,15928,N0000947003, ,Multi-Family,R Four Family Blt-As,4.88,25000,122000,147000,144000,141000,140000,141000,141000,6000,4.25531914894,975833.3333,635000,4/28/2014,1357500,4/8/2013,935000,1963,4.7360045797416E-08,0.000928900390031
2017-1-5,15929,N0000947011, ,Vacant,R Single Family Vacant (R1-R7),0,25000,0,25000,22000,22000,22000,22000,22000,3000,13.6363636364,975833.3333,635000,4/28/2014,1357500,4/8/2013,935000,0,3.96839034760828E-08,0.00103468173756
2017-1-5,15987,N0000947001, ,Multi-Family,R Four Family Blt-As,4.88,25000,122000,147000,144000,141000,140000,141000,141000,6000,4.25531914894,975833.3333,635000,4/28/2014,1357500,4/8/2013,935000,1963,4.73601867184283E-08,0.000928901365784
2017-1-6,995,C0040506002, ,Single Family,R One Story,3.3,50000,165000,215000,177000,171000,170000,164000,164000,51000,31.0975609756,150000,150000, ,0, ,0,1958,1.55285962290752E-07,0.001649392641264
2017-1-6,1470,C0050129002, ,Single Family,R One Story,4.17142857143,35000,146000,181000,153000,153000,152000,150000,173000,-15000,-8.67052023121,204950,229950,8/20/2014,179950, ,0,1957,1.29020747993014E-07,0.00144670908071
2017-1-6,10780,C0010891238, ,Single Family,"R One Story+ (1.25, 1.5, 1.75)",3.81052631579,95000,362000,457000,456000,427000,425000,95000,95000,362000,381.052631579,291918,488836,8/20/2014,95000, ,0,2014,5.2099114879756E-08,0.000997111681248
2017-1-6,16146,E0000437023, ,Single Family,R Two Story,4.87368421053,95000,463000,558000,554000,424000,395000,373000,349000,209000,59.8853868195,575000,575000, ,0, ,0,1892,4.19599420500111E-08,0.001133371691396
2017-1-9,943,C0060694022, ,Single Family,"R SplitLevel (Tri,Quad,Split)",2.68,25000,67000,92000,91000,97000,97000,97000,93000,-1000,-1.0752688172,50061,65122,9/17/2014,35000, ,0,1970,1.35235690817116E-07,0.001824261271424
2017-1-9,1029,N0051081019, ,Single Family,R Two Story,3.08333333333,12000,37000,49000,48000,71000,71000,71000,73000,-24000,-32.8767123288,40000,40000, ,0, ,0,1926,3.82196515218864E-08,0.000935339573263
2017-1-9,2446,E0002809010, ,Single Family,R Two Story,3.12,50000,156000,206000,144000,144000,144000,145000,155000,51000,32.9032258065,268500,268500, ,0, ,0,1930,6.59171243982988E-07,0.003288159005862
2017-1-9,3562,E0000515006, ,Single Family,R Two Story,8.6,20000,172000,192000,189000,31000,31000,73000,70000,122000,174.285714286,113750,193500,3/12/2014,34000, ,0,1900,3.22759259825381E-08,0.000970740782752
2017-1-9,6394,C0050341111, ,Multi-Family,R Condo Residential 12-49 Unit,2.94285714286,35000,103000,138000,150000,150000,150000,150000,150000,-12000,-8,108193.6667,135000,2/19/2013,64000,7/10/2012,125581,1982,6.05748040623587E-09,0.000322981477969
2017-1-9,8827,E0001056014, ,Single Family,R One Story,5.38461538462,13000,70000,83000,83000,80000,80000,95000,95000,-12000,-12.6315789474,33500,33500, ,0, ,0,1958,7.82649019836881E-08,0.001255826060396
2017-1-9,9450,C0070314020, ,Single Family,R One Story,3.06666666667,30000,92000,122000,121000,115000,115000,121000,125000,-3000,-2.4,78720,78720, ,0, ,0,1964,1.27513510557297E-07,0.001524192753732
2017-1-9,10113,C0040544022, ,Multi-Family,R Condo Residential 50+ Units,3.74358974359,39000,146000,185000,177000,172000,168000,165000,170000,15000,8.82352941176,133000,176000,7/14/2015,90000, ,0,1972,1.65723623354888E-06,0.005293671686806
2017-1-9,11828,S0090145006, ,Single Family,R One Story,5,10000,50000,60000,57000,57000,57000,57000,68000,-8000,-11.7647058824,41000,41000, ,0, ,0,1979,7.32450477915231E-08,0.00119452522204
2017-1-9,16966,S0042912020, ,Single Family,"R One Story+ (1.25, 1.5, 1.75)",10.5,10000,105000,115000,77000,77000,77000,76000,84000,31000,36.9047619048,76960.6667,115000,8/5/2015,54900,3/18/2015,60982,1945,1.11819368465028E-07,0.001387621506375
2017-2-1,4632,C0040049034, ,Vacant,R Single Family Vacant (R1-R7),0,1000,0,1000,1000,1000,1000,1000,1000,0,0,1725000,1725000, ,0, ,0,0,2.70754266000528E-08,0.001077860770219
2017-2-1,11965,C0050308017, ,Single Family,R One Story,3.2,35000,112000,147000,143000,143000,143000,150000,144000,3000,2.08333333333,175250,190500,2/26/2013,160000, ,0,1958,1.31995480067104E-07,0.001760067838278
2017-2-1,13180,W0220342001, ,Vacant,R Single Family Vacant (R1-R7),0,500000,0,500000,500000,500000,500000,500000,500000,0,0,3300000,3300000, ,0, ,0,0,7.75655236937561E-07,0.0035028081679
2017-2-1,13556,E0000729015, ,Single Family,R Two Story,5.15384615385,65000,335000,400000,195000,184000,172000,172000,168000,16000,9.52380952381,175000,175000, ,0, ,0,1910,5.14081413098184E-08,0.001067682038731
2017-2-3,4188,E0000568007, ,Single Family,R Two Story,0.95,20000,19000,39000,26000,23000,23000,24000,61000,-22000,-36.0655737705,27750,41000,3/8/2013,14500, ,0,1913,3.23606744381465E-08,0.001008890598874
