Lat,Lon,CASE_REFERENCE,ADDRESS,City,State,COUNCIL,NEIGHBORHOOD,PRECINCT,NSA
37.5320339959218,-77.4267101576298,101000116913,1 S 19th St,Richmond,VA,7,Shockoe Bottom,1,East-3
37.5320339959218,-77.4267101576298,101000045000,1 S 19th St Apt E104,Richmond,VA,7,Shockoe Bottom,1,East-3
37.5320339959218,-77.4267101576298,101000028358,1 S 19th St Apt F201,Richmond,VA,7,Shockoe Bottom,1,East-3
37.5335080225142,-77.4272655647766,101000007235,10 N 18th St,Richmond,VA,7,Shockoe Bottom,1,East-3
37.5335080225142,-77.4272655647766,101000043589,10 N 18th St,Richmond,VA,7,Shockoe Bottom,1,East-3
37.5312769204308,-77.4265801510398,101000089397,10 S 20th St Apt U306,Richmond,VA,7,Shockoe Bottom,1,East-3
37.5312769204308,-77.4265801510398,101000117342,10 S 20th St Apt U306,Richmond,VA,7,Shockoe Bottom,1,East-3
37.5312769204308,-77.4265801510398,101000066182,10 S 20th St Apt U414,Richmond,VA,7,Shockoe Bottom,1,East-3
37.5312769204308,-77.4265801510398,101000117546,10 S 20th St Apt U512,Richmond,VA,7,Shockoe Bottom,1,East-3
37.5312769204308,-77.4265801510398,101000113347,10 S 20th St Apt U609,Richmond,VA,7,Shockoe Bottom,1,East-3
37.5312769204308,-77.4265801510398,101000113348,10 S 20th St Apt U609,Richmond,VA,7,Shockoe Bottom,1,East-3
37.5312769204308,-77.4265801510398,101000111896,10 S 20th St Apt U714,Richmond,VA,7,Shockoe Bottom,1,East-3
37.5312769204308,-77.4265801510398,101000095779,10 S 20th St Apt U715,Richmond,VA,7,Shockoe Bottom,1,East-3
37.5336522633773,-77.4275413862437,101000073428,10 Walnut Al,Richmond,VA,7,Shockoe Bottom,1,East-3
37.533643428599,-77.4276189061077,240928-101000092287,10 Walnut Alley,Richmond,VA,7,Shockoe Bottom,1,East-3
37.5337066662057,-77.4277267486456,240926-101000092286,10 Walnut Alley,Richmond,VA,7,Shockoe Bottom,1,East-3
37.5339603000626,-77.4282401955543,196005-101000054258,100 N 17th St,Richmond,VA,7,Shockoe Bottom,1,East-3
37.5265555914515,-77.4203532107477,101000039344,100 Pear St,Richmond,VA,7,Shockoe Bottom,1,East-3
37.5265555914515,-77.4203532107477,101000060743,100 Pear St,Richmond,VA,7,Shockoe Bottom,1,East-3
37.5265555914515,-77.4203532107477,242045-101000093313,100 Pear St,Richmond,VA,7,Shockoe Bottom,1,East-3
37.5337987443347,-77.426599876955,101000042203,101 N 18th St,Richmond,VA,7,Shockoe Bottom,1,East-3
37.5266038266681,-77.4197909820544,101000106186,101 Pear St,Richmond,VA,7,Shockoe Bottom,1,East-3
37.5349760068816,-77.4270997938261,281289-101000118894,100-198 N 17th St,Richmond,VA,7,Shockoe Bottom,1,East-3
37.5321121224844,-77.4271774309256,214723-101000068944,100-198 S 19th St,Richmond,VA,7,Shockoe Bottom,1,East-3
37.532260956359,-77.4239539336181,198462-101000056246,1010 N 21st St,Richmond,VA,7,Shockoe Bottom,1,East-3
37.5335250608215,-77.4258020148181,101000109846,104 N 19th St,Richmond,VA,7,Shockoe Bottom,1,East-3
37.535074227355,-77.4279082489758,101000060602,105 Ambler St,Richmond,VA,7,Shockoe Bottom,1,East-3
37.5339505249168,-77.4264545443479,101000094212,109 N 18th St,Richmond,VA,7,Shockoe Bottom,1,East-3
37.5339505249168,-77.4264545443479,101000042719,109 N 18th St,Richmond,VA,7,Shockoe Bottom,1,East-3
37.5339505221706,-77.4264545443871,101000013490,109 N 18th St Apt A,Richmond,VA,7,Shockoe Bottom,1,East-3
37.5335998771964,-77.4255816633212,198822-101000056573,108 N 19th St,Richmond,VA,7,Shockoe Bottom,1,East-3
37.5336560011206,-77.4257589981218,227844-101000080679,108 N 19th St,Richmond,VA,7,Shockoe Bottom,1,East-3
37.5304127443201,-77.4224768933191,101000033615,11 N 23rd St,Richmond,VA,7,Shockoe Bottom,1,East-3
37.5324454019743,-77.4278886252747,101000031028,11 S 18th St,Richmond,VA,7,Shockoe Bottom,1,East-3
37.5308976876564,-77.4250496438662,101000024106,11 S 21st St Apt 103,Richmond,VA,7,Shockoe Bottom,1,East-3
37.5308976849102,-77.4250496439055,101000032713,11 S 21st St Apt 202,Richmond,VA,7,Shockoe Bottom,1,East-3
37.5308976849102,-77.4250496439055,101000102413,11 S 21st St Apt 206,Richmond,VA,7,Shockoe Bottom,1,East-3
37.5308976849102,-77.4250496439055,101000035579,11 S 21st St Apt 301,Richmond,VA,7,Shockoe Bottom,1,East-3
37.5342359163107,-77.426548625907,101000090177,110 N 18th St,Richmond,VA,7,Shockoe Bottom,1,East-3
37.5342359163107,-77.426548625907,101000047080,110 N 18th St,Richmond,VA,7,Shockoe Bottom,1,East-3
37.5338090735748,-77.4255954007693,101000085874,110 N 19th St Unit 2A,Richmond,VA,7,Shockoe Bottom,1,East-3
37.533111632226,-77.424861268461,101000006721,110 N 20th St,Richmond,VA,7,Shockoe Bottom,1,East-3
37.5345528841964,-77.4273271527391,101000045114,111 N 17th St,Richmond,VA,7,Shockoe Bottom,1,East-3
37.5328232205519,-77.4277216223457,233204-101000084391,1-11 S 18th St,Richmond,VA,7,Shockoe Bottom,1,East-3
37.5340829999385,-77.4260869955388,247211-101000097725,117 N 18th St,Richmond,VA,7,Shockoe Bottom,1,East-3
37.5341642795103,-77.4262283104295,101000079404,117 N 18th St,Richmond,VA,7,Shockoe Bottom,1,East-3
37.5344333542364,-77.4264922787581,101000025259,118 N 18th St,Richmond,VA,7,Shockoe Bottom,1,East-3
37.5344510012381,-77.4266030142963,252586-101000102191,118 N 18th St,Richmond,VA,7,Shockoe Bottom,1,East-3
37.5332696857439,-77.4242429987808,101000043355,119 N 20th St,Richmond,VA,7,Shockoe Bottom,1,East-3
37.5335670433338,-77.4272148511921,101000049863,12 N 18th St,Richmond,VA,7,Shockoe Bottom,1,East-3
37.5295374349853,-77.4211781601089,101000019335,12 N 25th St,Richmond,VA,7,Shockoe Bottom,1,East-3
37.5345063998067,-77.4263952855086,237643-101000088967,120 N 18th St,Richmond,VA,7,Shockoe Bottom,1,East-3
37.5345092559249,-77.4261320543508,218771-101000072144,120-198 N 18th St,Richmond,VA,7,Shockoe Bottom,1,East-3
37.5338627009937,-77.4279711217108,101000069916,15 N 17th St Apt C,Richmond,VA,7,Shockoe Bottom,1,East-3
37.5342126471322,-77.4294657685743,101000004387,1500 E Main St,Richmond,VA,7,Shockoe Bottom,1,East-3
37.5342126471322,-77.4294657685743,101000067460,1500 E Main St,Richmond,VA,7,Shockoe Bottom,1,East-3
37.5342126471322,-77.4294657685743,101000078154,1500 E Main St,Richmond,VA,7,Shockoe Bottom,1,East-3
37.5342126498784,-77.4294657685352,231615-101000083272,1500 E Main St,Richmond,VA,7,Shockoe Bottom,1,East-3
37.5342126471322,-77.4294657685743,101000092600,1500 E Main St,Richmond,VA,7,Shockoe Bottom,1,East-3
37.5325682000499,-77.4296174839766,226798-101000080262,1545 E Cary St,Richmond,VA,7,Shockoe Bottom,1,East-3
37.5338446755445,-77.4287832572726,101000100025,1548 E Main St Apt 206,Richmond,VA,7,Shockoe Bottom,1,East-3
37.5338446755445,-77.4287832572726,101000059831,1548 E Main St Apt 312,Richmond,VA,7,Shockoe Bottom,1,East-3
37.5338446755445,-77.4287832572726,101000013745,1548 E Main St Ste A,Richmond,VA,7,Shockoe Bottom,1,East-3
37.5335171909693,-77.4289510575152,101000017134,1553 E Main St,Richmond,VA,7,Shockoe Bottom,1,East-3
37.5354068084743,-77.4295225369395,101000110304,15th St @ Franklin St,Richmond,VA,7,Shockoe Bottom,1,East-3
37.5354068084743,-77.4295225369395,101000110449,15th St @ Franklin St,Richmond,VA,7,Shockoe Bottom,1,East-3
37.5336798989669,-77.4272290022815,194634-101000053060,16 N 18th,Richmond,VA,7,Shockoe Bottom,1,East-3
37.5336551422897,-77.4271274398764,101000059187,16 N 18th St,Richmond,VA,7,Shockoe Bottom,1,East-3
37.5336551422897,-77.4271274398764,101000059885,16 N 18th St,Richmond,VA,7,Shockoe Bottom,1,East-3
37.5336798989669,-77.4272290022815,194637-101000053068,16 N 18th St,Richmond,VA,7,Shockoe Bottom,1,East-3
37.5313318709774,-77.4236007260101,101000082969,16 N 22nd St,Richmond,VA,7,Shockoe Bottom,1,East-3
37.5328826955942,-77.4292035197323,101000022526,16 S 17th St,Richmond,VA,7,Shockoe Bottom,1,East-3
37.5328826955942,-77.4292035197323,101000090938,16 S 17th St,Richmond,VA,7,Shockoe Bottom,1,East-3
37.5328826955942,-77.4292035197323,101000090936,16 S 17th St,Richmond,VA,7,Shockoe Bottom,1,East-3
37.5328826955942,-77.4292035197323,101000038243,16 S 17th St,Richmond,VA,7,Shockoe Bottom,1,East-3
37.5328826955942,-77.4292035197323,101000071724,16 S 17th St,Richmond,VA,7,Shockoe Bottom,1,East-3
37.5347782853231,-77.4281243055445,101000112278,1600 E Franklin St,Richmond,VA,7,Shockoe Bottom,1,East-3
37.5343318834599,-77.4277469398938,240929-101000092288,1614-1638 E Franklin St,Richmond,VA,7,Shockoe Bottom,1,East-3
37.5360715996869,-77.4260663124961,265241-101000109231,1627 E Broad St,Richmond,VA,7,Shockoe Bottom,1,East-3
37.5360715996869,-77.4260663124961,276601-101000115250,1627 E Broad St,Richmond,VA,7,Shockoe Bottom,1,East-3
37.5339076422554,-77.4279315423578,101000110772,17 N 17th St,Richmond,VA,7,Shockoe Bottom,1,East-3
37.5327516516255,-77.4286983662567,101000058773,17 S 17th St,Richmond,VA,7,Shockoe Bottom,1,East-3
37.5322983511606,-77.4294558843081,101000109841,1700 Dock St,Richmond,VA,7,Shockoe Bottom,1,East-3
37.533492458993,-77.4283357784818,101000033603,1700 E Main St,Richmond,VA,7,Shockoe Bottom,1,East-3
37.533492458993,-77.4283357784818,101000040769,1700 E Main St,Richmond,VA,7,Shockoe Bottom,1,East-3
37.533492458993,-77.4283357784818,101000108653,1700 E Main St,Richmond,VA,7,Shockoe Bottom,1,East-3
37.5321292761966,-77.4296494618784,101000066069,1701 Dock St,Richmond,VA,7,Shockoe Bottom,1,East-3
37.5334674505381,-77.4282955757556,101000045565,1702 E Main St,Richmond,VA,7,Shockoe Bottom,1,East-3
37.5332328455842,-77.4284191145613,216631-101000070487,1705 E Main St,Richmond,VA,7,Shockoe Bottom,1,East-3
37.5332328455842,-77.4284191145613,240766-101000092271,1705 E Main St,Richmond,VA,7,Shockoe Bottom,1,East-3
37.5324043043027,-77.429157738603,101000035520,1707 E Cary St,Richmond,VA,7,Shockoe Bottom,1,East-3
37.5341493468025,-77.4271480817946,101000005618,1710 E Franklin St,Richmond,VA,7,Shockoe Bottom,1,East-3
37.5341782995152,-77.427121801493,246892-101000097417,1710 E Franklin St,Richmond,VA,7,Shockoe Bottom,1,East-3
37.5341493468025,-77.4271480817946,101000114614,1710 E Franklin St Apt 2,Richmond,VA,7,Shockoe Bottom,1,East-3
37.5338358748101,-77.4273565597672,101000011218,1711 E Franklin St Apt D,Richmond,VA,7,Shockoe Bottom,1,East-3
37.5333204911235,-77.4280071693077,101000008024,1712 E Main St,Richmond,VA,7,Shockoe Bottom,1,East-3
37.5332858227468,-77.4279429621915,101000007401,1714 1/2 E Main St,Richmond,VA,7,Shockoe Bottom,1,East-3
37.5326294698297,-77.4287982968975,101000024554,1716 E Cary St,Richmond,VA,7,Shockoe Bottom,1,East-3
37.5326348812311,-77.4290433658909,224340-101000076851,1716 E Cary St,Richmond,VA,7,Shockoe Bottom,1,East-3
37.5332335707411,-77.4278905942196,101000113776,1716 E Main St,Richmond,VA,7,Shockoe Bottom,1,East-3
37.533152571088,-77.4281095129313,253962-101000102833,1717 1/2 E Main St,Richmond,VA,7,Shockoe Bottom,1,East-3
37.5321395418654,-77.4287271958662,101000118436,1717 E Cary St,Richmond,VA,7,Shockoe Bottom,1,East-3
37.5330796204212,-77.4281791861338,101000056020,1717 E Main St,Richmond,VA,7,Shockoe Bottom,1,East-3
37.5330796204212,-77.4281791861338,254818-101000103348,1717 E Main St,Richmond,VA,7,Shockoe Bottom,1,East-3
37.5331822794705,-77.4278205542425,101000099221,1718 E Main St,Richmond,VA,7,Shockoe Bottom,1,East-3
37.5337910313594,-77.4270749047238,101000006018,1719 E Franklin St,Richmond,VA,7,Shockoe Bottom,1,East-3
37.5330558776218,-77.4281453116019,101000031642,1719 E Main St,Richmond,VA,7,Shockoe Bottom,1,East-3
37.5330558776218,-77.4281453116019,101000032531,1719 E Main St,Richmond,VA,7,Shockoe Bottom,1,East-3
37.5338798272232,-77.4270314224519,214692-101000068937,1721 E Franklin St,Richmond,VA,7,Shockoe Bottom,1,East-3
37.5330276865371,-77.428097291072,101000044330,1721 E Main St,Richmond,VA,7,Shockoe Bottom,1,East-3
37.5323839352561,-77.4287336459806,101000103370,1722 E Cary St,Richmond,VA,7,Shockoe Bottom,1,East-3
37.5323839352561,-77.4287336459806,101000103371,1722 E Cary St,Richmond,VA,7,Shockoe Bottom,1,East-3
37.5330158337818,-77.4280813537411,101000022769,1723 E Main St,Richmond,VA,7,Shockoe Bottom,1,East-3
37.5329849625432,-77.4280343026787,101000000667,1725 E Main St,Richmond,VA,7,Shockoe Bottom,1,East-3
37.5329849652894,-77.4280343026395,101000048107,1725 E Main St,Richmond,VA,7,Shockoe Bottom,1,East-3
37.5329849652894,-77.4280343026395,101000091858,1725 E Main St,Richmond,VA,7,Shockoe Bottom,1,East-3
37.5329360964639,-77.4276733488524,247209-101000097724,1726 Us-60,Richmond,VA,7,Shockoe Bottom,1,East-3
37.5329335618614,-77.4279567113274,101000092921,1727 E Main St,Richmond,VA,7,Shockoe Bottom,1,East-3
37.5329335618614,-77.4279567113274,101000048940,1727 E Main St,Richmond,VA,7,Shockoe Bottom,1,East-3
37.5328416714036,-77.4280777670347,101000039195,1729 E Main St,Richmond,VA,7,Shockoe Bottom,1,East-3
37.5360703722973,-77.4260584662316,253240-101000102517,17th St @ Broad St,Richmond,VA,7,Shockoe Bottom,1,East-3
37.5360703722973,-77.4260584662316,253240-101000102517,17th St @ Broad St,Richmond,VA,7,Shockoe Bottom,1,East-2
37.5360703722973,-77.4260584662316,101000106899,17th St @ Broad St,Richmond,VA,7,Shockoe Bottom,1,East-3
37.5360703722973,-77.4260584662316,101000106899,17th St @ Broad St,Richmond,VA,7,Shockoe Bottom,1,East-2
37.5360703722973,-77.4260584662316,101000108772,17th St @ Broad St,Richmond,VA,7,Shockoe Bottom,1,East-3
37.5360703722973,-77.4260584662316,101000108772,17th St @ Broad St,Richmond,VA,7,Shockoe Bottom,1,East-2
37.5360703722973,-77.4260584662316,101000112918,17th St @ Broad St,Richmond,VA,7,Shockoe Bottom,1,East-3
37.5360703722973,-77.4260584662316,101000112918,17th St @ Broad St,Richmond,VA,7,Shockoe Bottom,1,East-2
37.5360715996869,-77.4260663124961,261364-101000107258,17th St @ Broad St,Richmond,VA,7,Shockoe Bottom,1,East-3
37.5360715996869,-77.4260663124961,262226-101000107554,17th St @ Broad St,Richmond,VA,7,Shockoe Bottom,1,East-3
37.5360715996869,-77.4260663124961,262685-101000107785,17th St @ Broad St,Richmond,VA,7,Shockoe Bottom,1,East-3
37.5360715996869,-77.4260663124961,265046-101000109165,17th St @ Broad St,Richmond,VA,7,Shockoe Bottom,1,East-3
37.5322714997485,-77.4296486095473,101000082831,17th St @ Dock St,Richmond,VA,7,Shockoe Bottom,1,East-3
37.5322714997485,-77.4296486095473,101000113109,17th St @ Dock St,Richmond,VA,7,Shockoe Bottom,1,East-3
37.5339369179259,-77.4281966929332,101000031702,17th St Farmers' Market,Richmond,VA,7,Shockoe Bottom,1,East-3
37.5339369179259,-77.4281966929332,101000091775,17th St Farmers' Market,Richmond,VA,7,Shockoe Bottom,1,East-3
37.5329373059689,-77.427439703766,101000005563,1800 E Main St,Richmond,VA,7,Shockoe Bottom,1,East-3
37.5329373059689,-77.427439703766,101000038298,1800 E Main St,Richmond,VA,7,Shockoe Bottom,1,East-3
37.5329373087151,-77.4274397037269,101000044037,1800 E Main St,Richmond,VA,7,Shockoe Bottom,1,East-3
37.5353090998349,-77.4249724908637,205503-101000062094,1801 C E Broad St,Richmond,VA,7,Shockoe Bottom,1,East-3
37.5353161626606,-77.4250771360083,101000022514,1801 E Broad St,Richmond,VA,7,Shockoe Bottom,1,East-3
37.5353161654068,-77.425077135969,101000094435,1801 E Broad St,Richmond,VA,7,Shockoe Bottom,1,East-3
37.5353161654068,-77.425077135969,101000051834,1801 E Broad St,Richmond,VA,7,Shockoe Bottom,1,East-3
37.5353161654068,-77.425077135969,101000091523,1801 E Broad St,Richmond,VA,7,Shockoe Bottom,1,East-3
37.5353161654068,-77.425077135969,101000052533,1801 E Broad St,Richmond,VA,7,Shockoe Bottom,1,East-3
37.532896130796,-77.4273858332731,101000025648,1802 E Main St,Richmond,VA,7,Shockoe Bottom,1,East-3
37.5344639823969,-77.4256877851005,281751-101000119426,1805 E Grace St,Richmond,VA,7,Shockoe Bottom,1,East-3
37.5336952412979,-77.4264047315855,101000012295,1806 E Franklin St Apt 202,Richmond,VA,7,Shockoe Bottom,1,East-3
37.532859256368,-77.4273191750802,101000093983,1806 E Main St,Richmond,VA,7,Shockoe Bottom,1,East-3
37.532859256368,-77.4273191750802,101000052166,1806 E Main St,Richmond,VA,7,Shockoe Bottom,1,East-3
37.5328613299455,-77.427330699264,101000025362,1806 E Main St,Richmond,VA,7,Shockoe Bottom,1,East-3
37.5341440010314,-77.4256420032755,224169-101000076665,1809 E Grace St,Richmond,VA,7,Shockoe Bottom,1,East-3
37.5341974345517,-77.4255494631012,101000047020,1809 E Grace St,Richmond,VA,7,Shockoe Bottom,1,East-3
37.5341974345517,-77.4255494631012,101000043329,1809 E Grace St Unit B,Richmond,VA,7,Shockoe Bottom,1,East-3
37.5320319642142,-77.428157530561,101000098352,1810 E Cary St,Richmond,VA,7,Shockoe Bottom,1,East-3
37.5320319642142,-77.428157530561,101000034425,1810 E Cary St,Richmond,VA,7,Shockoe Bottom,1,East-3
37.532031961468,-77.4281575306001,101000103139,1810 E Cary St Apt 202,Richmond,VA,7,Shockoe Bottom,1,East-3
37.532031961468,-77.4281575306001,101000026043,1810 E Cary St Apt 229,Richmond,VA,7,Shockoe Bottom,1,East-3
37.532031961468,-77.4281575306001,101000090301,1810 E Cary St Apt Mg05,Richmond,VA,7,Shockoe Bottom,1,East-3
37.534149701153,-77.4255309002149,226796-101000080258,1811 E Grace St,Richmond,VA,7,Shockoe Bottom,1,East-3
37.5341518821748,-77.4254866880314,101000046706,1811 E Grace St,Richmond,VA,7,Shockoe Bottom,1,East-3
37.5341518821748,-77.4254866880314,101000095963,1811 E Grace St,Richmond,VA,7,Shockoe Bottom,1,East-3
37.5341518821748,-77.4254866880314,101000107634,1811 E Grace St Unit A,Richmond,VA,7,Shockoe Bottom,1,East-3
37.5341518794286,-77.4254866880707,101000027445,1811 E Grace St Unit B,Richmond,VA,7,Shockoe Bottom,1,East-3
37.5341518794286,-77.4254866880707,101000040199,1811 E Grace St Unit B,Richmond,VA,7,Shockoe Bottom,1,East-3
37.5341518794286,-77.4254866880707,101000043394,1811 E Grace St Unit B,Richmond,VA,7,Shockoe Bottom,1,East-3
37.5344189390854,-77.4251763963219,101000040530,1812 E Grace St,Richmond,VA,7,Shockoe Bottom,1,East-3
37.5344189390854,-77.4251763963219,101000080136,1812 E Grace St,Richmond,VA,7,Shockoe Bottom,1,East-3
37.5347700991162,-77.424820200841,240545-101000091899,1813 E Broad St,Richmond,VA,7,Shockoe Bottom,1,East-3
37.5348601044482,-77.4247348274143,101000091147,1813 E Broad St,Richmond,VA,7,Shockoe Bottom,1,East-3
37.5348601044482,-77.4247348274143,101000046453,1813 E Broad St,Richmond,VA,7,Shockoe Bottom,1,East-3
37.5341085262823,-77.4253332433652,101000085901,1813 E Grace St,Richmond,VA,7,Shockoe Bottom,1,East-3
37.53273643853,-77.4271228927842,101000033658,1814 E Main St,Richmond,VA,7,Shockoe Bottom,1,East-3
37.53273643853,-77.4271228927842,101000033657,1814 E Main St Apt A,Richmond,VA,7,Shockoe Bottom,1,East-3
37.5332717197246,-77.4262491641971,101000052385,1815 E Franklin St Apt 102,Richmond,VA,7,Shockoe Bottom,1,East-3
37.5335477511895,-77.4261537562461,101000077587,1816 E Franklin St,Richmond,VA,7,Shockoe Bottom,1,East-3
37.5335477484433,-77.4261537562853,101000114835,1816 E Franklin St,Richmond,VA,7,Shockoe Bottom,1,East-3
37.5335477484433,-77.4261537562853,101000029022,1816 E Franklin St Apt 118,Richmond,VA,7,Shockoe Bottom,1,East-3
37.5335477484433,-77.4261537562853,101000054556,1816 E Franklin St Apt 203,Richmond,VA,7,Shockoe Bottom,1,East-3
37.5323939936277,-77.4270613547948,101000000917,1821 1/2 E Main St,Richmond,VA,7,Shockoe Bottom,1,East-3
37.5323939936277,-77.4270613547948,101000000916,1821 E Main St Apt B,Richmond,VA,7,Shockoe Bottom,1,East-3
37.5323286709461,-77.4269501990554,101000105109,1825 E Main St,Richmond,VA,7,Shockoe Bottom,1,East-3
37.5351005006658,-77.4287069016311,232831-101000083943,18th E Main St,Richmond,VA,7,Shockoe Bottom,1,East-3
37.535505892689,-77.4251443344377,101000091225,18th St @ Broad St,Richmond,VA,7,Shockoe Bottom,1,East-3
37.535505892689,-77.4251443344377,101000091225,18th St @ Broad St,Richmond,VA,7,Shockoe Bottom,1,East-2
37.5355058899428,-77.425144334477,101000025398,18th St @ Broad St,Richmond,VA,7,Shockoe Bottom,1,East-3
37.5355058899428,-77.425144334477,101000025398,18th St @ Broad St,Richmond,VA,7,Shockoe Bottom,1,East-2
37.535505892689,-77.4251443344377,101000075520,18th St @ Broad St,Richmond,VA,7,Shockoe Bottom,1,East-3
37.535505892689,-77.4251443344377,101000075520,18th St @ Broad St,Richmond,VA,7,Shockoe Bottom,1,East-2
37.535505892689,-77.4251443344377,101000109437,18th St @ Broad St,Richmond,VA,7,Shockoe Bottom,1,East-3
37.535505892689,-77.4251443344377,101000109437,18th St @ Broad St,Richmond,VA,7,Shockoe Bottom,1,East-2
37.5337736519781,-77.4268098266599,101000070244,18th St @ Franklin St,Richmond,VA,7,Shockoe Bottom,1,East-3
37.5329075841465,-77.4276405427559,101000033721,18th St @ Main St,Richmond,VA,7,Shockoe Bottom,1,East-3
37.5329075841465,-77.4276405427559,101000075063,18th St @ Main St,Richmond,VA,7,Shockoe Bottom,1,East-3
37.5329075841465,-77.4276405427559,101000084095,18th St @ Main St,Richmond,VA,7,Shockoe Bottom,1,East-3
37.5329075841465,-77.4276405427559,101000085218,18th St @ Main St,Richmond,VA,7,Shockoe Bottom,1,East-3
37.5329075841465,-77.4276405427559,101000117846,18th St @ Main St,Richmond,VA,7,Shockoe Bottom,1,East-3
37.531496822171,-77.4273092311271,101000106271,1900 E Cary St Apt 306A,Richmond,VA,7,Shockoe Bottom,1,East-3
37.5334471912575,-77.4253697369025,101000043357,1900 E Franklin St,Richmond,VA,7,Shockoe Bottom,1,East-3
37.5334471912575,-77.4253697369025,101000044681,1900 E Franklin St Apt 406,Richmond,VA,7,Shockoe Bottom,1,East-3
37.5334471912575,-77.4253697369025,101000120006,1900 E Franklin St Apt 406,Richmond,VA,7,Shockoe Bottom,1,East-3
37.5328770015404,-77.4255798890482,101000042490,1901 E Franklin St,Richmond,VA,7,Shockoe Bottom,1,East-3
37.5328770015404,-77.4255798890482,101000068318,1901 E Franklin St,Richmond,VA,7,Shockoe Bottom,1,East-3
37.5328770015404,-77.4255798890482,101000072488,1901 E Franklin St,Richmond,VA,7,Shockoe Bottom,1,East-3
37.5328770015404,-77.4255798890482,101000083256,1901 E Franklin St,Richmond,VA,7,Shockoe Bottom,1,East-3
37.5328770015404,-77.4255798890482,101000087764,1901 E Franklin St,Richmond,VA,7,Shockoe Bottom,1,East-3
37.5328770015404,-77.4255798890482,101000087868,1901 E Franklin St,Richmond,VA,7,Shockoe Bottom,1,East-3
37.5328770015404,-77.4255798890482,101000087870,1901 E Franklin St,Richmond,VA,7,Shockoe Bottom,1,East-3
37.5328770015404,-77.4255798890482,101000091317,1901 E Franklin St,Richmond,VA,7,Shockoe Bottom,1,East-3
37.5328770015404,-77.4255798890482,101000102100,1901 E Franklin St,Richmond,VA,7,Shockoe Bottom,1,East-3
37.5328770015404,-77.4255798890482,101000117853,1901 E Franklin St,Richmond,VA,7,Shockoe Bottom,1,East-3
37.5321218159497,-77.4265844002334,101000001155,1901 E Main St,Richmond,VA,7,Shockoe Bottom,1,East-3
37.5323661377983,-77.4264440262377,247988-101000098630,1902 Va-5,Richmond,VA,7,Shockoe Bottom,1,East-3
37.5323055118546,-77.4264193704226,101000064349,1904 E Main St,Richmond,VA,7,Shockoe Bottom,1,East-3
37.5323576032147,-77.4263098838291,208143-101000064151,1904 E Main St Va-5,Richmond,VA,7,Shockoe Bottom,1,East-3
37.5337108980554,-77.4247733726054,101000102557,1905 E Grace St,Richmond,VA,7,Shockoe Bottom,1,East-3
37.5322343805577,-77.426291950733,101000074366,1908 E Main St,Richmond,VA,7,Shockoe Bottom,1,East-3
37.5329845217788,-77.4252687452037,101000006813,1910 E Franklin St,Richmond,VA,7,Shockoe Bottom,1,East-3
37.5321893907065,-77.4260586918391,101000028595,1914 E Main St,Richmond,VA,7,Shockoe Bottom,1,East-3
37.5319281902575,-77.4262653187365,101000033008,1915 E Main St,Richmond,VA,7,Shockoe Bottom,1,East-3
37.5319281902575,-77.4262653187365,101000093704,1915 E Main St,Richmond,VA,7,Shockoe Bottom,1,East-3
37.5319281902575,-77.4262653187365,101000038786,1915 E Main St Apt D114,Richmond,VA,7,Shockoe Bottom,1,East-3
37.5319281902575,-77.4262653187365,101000034892,1915 E Main St Apt D221,Richmond,VA,7,Shockoe Bottom,1,East-3
37.5319281902575,-77.4262653187365,101000034893,1915 E Main St Apt D221,Richmond,VA,7,Shockoe Bottom,1,East-3
37.5319281902575,-77.4262653187365,101000117640,1915 E Main St Apt D320,Richmond,VA,7,Shockoe Bottom,1,East-3
37.5319281902575,-77.4262653187365,101000102470,1915 E Main St Apt D321,Richmond,VA,7,Shockoe Bottom,1,East-3
37.5320927920168,-77.4260391027763,101000005300,1916 E Main St,Richmond,VA,7,Shockoe Bottom,1,East-3
37.5343596999111,-77.4235575096506,238481-101000089575,1919 E Broad St,Richmond,VA,7,Shockoe Bottom,1,East-3
37.5344181509485,-77.4237342941147,101000074884,1919 E Broad St,Richmond,VA,7,Shockoe Bottom,1,East-3
37.5345333386495,-77.4238164893297,101000000608,1919 E Broad St Unit A,Richmond,VA,7,Shockoe Bottom,1,East-3
37.5345333386495,-77.4238164893297,101000108790,1919 E Broad St Unit A,Richmond,VA,7,Shockoe Bottom,1,East-3
37.5344195561725,-77.4236264939968,101000043542,1919 E Broad St Unit D,Richmond,VA,7,Shockoe Bottom,1,East-3
37.5344195561725,-77.4236264939968,101000043544,1919 E Broad St Unit D,Richmond,VA,7,Shockoe Bottom,1,East-3
37.5269336825324,-77.419420654707,210398-101000066091,1-99 Pear St,Richmond,VA,7,Shockoe Bottom,1,East-3
37.5269703489399,-77.4193874692764,203685-101000060669,1-99 Pear St,Richmond,VA,7,Shockoe Bottom,1,East-3
37.5323569042544,-77.4267310001276,101000110004,19th St @ Main St,Richmond,VA,7,Shockoe Bottom,1,East-3
37.5331970158762,-77.4275389136458,101000020491,2 N 18th St,Richmond,VA,7,Shockoe Bottom,1,East-3
37.5333295458213,-77.4287651101725,101000060105,2 S 17th St Apt 21,Richmond,VA,7,Shockoe Bottom,1,East-3
37.5333295458213,-77.4287651101725,101000039823,2 S 17th St Apt 4,Richmond,VA,7,Shockoe Bottom,1,East-3
37.5286937268373,-77.4218143780283,101000047921,2 S 25th St,Richmond,VA,7,Shockoe Bottom,1,East-3
37.5286937268373,-77.4218143780283,213509-101000068124,2 S 25th St,Richmond,VA,7,Shockoe Bottom,1,East-3
37.5286937268373,-77.4218143780283,264889-101000109087,2 S 25th St,Richmond,VA,7,Shockoe Bottom,1,East-3
37.5286937268373,-77.4218143780283,101000071395,2 S 25th St Apt 100,Richmond,VA,7,Shockoe Bottom,1,East-3
37.5286937268373,-77.4218143780283,101000004565,2 S 25th St Apt 203,Richmond,VA,7,Shockoe Bottom,1,East-3
37.5286937268373,-77.4218143780283,101000011164,2 S 25th St Apt 203,Richmond,VA,7,Shockoe Bottom,1,East-3
37.5324339300063,-77.42540629394,101000004375,20 N 20th St,Richmond,VA,7,Shockoe Bottom,1,East-3
37.5324339300063,-77.42540629394,101000084844,20 N 20th St Apt 3,Richmond,VA,7,Shockoe Bottom,1,East-3
37.5324339300063,-77.42540629394,101000119710,20 N 20th St Apt 9,Richmond,VA,7,Shockoe Bottom,1,East-3
37.5337570986828,-77.4242524408258,101000044189,200 N 20th St,Richmond,VA,7,Shockoe Bottom,1,East-3
37.5331610232937,-77.4232695490677,101000060570,200 N 21st St,Richmond,VA,7,Shockoe Bottom,1,East-3
37.5307620179402,-77.4261192950895,101000090479,2000 E Cary St,Richmond,VA,7,Shockoe Bottom,1,East-3
37.5307620179402,-77.4261192950895,101000090467,2000 E Cary St,Richmond,VA,7,Shockoe Bottom,1,East-3
37.5307620179402,-77.4261192950895,101000037227,2000 E Cary St,Richmond,VA,7,Shockoe Bottom,1,East-3
37.5318301961598,-77.425568259225,101000002111,2000 E Main St,Richmond,VA,7,Shockoe Bottom,1,East-3
37.5318301961598,-77.425568259225,101000044705,2000 E Main St,Richmond,VA,7,Shockoe Bottom,1,East-3
37.5342041128091,-77.4232766476949,101000074466,2001 E Broad St,Richmond,VA,7,Shockoe Bottom,1,East-3
37.5342041128091,-77.4232766476949,101000117492,2001 E Broad St Apt 107,Richmond,VA,7,Shockoe Bottom,1,East-3
37.5342041128091,-77.4232766476949,101000076145,2001 E Broad St Apt 110,Richmond,VA,7,Shockoe Bottom,1,East-3
37.5342041128091,-77.4232766476949,101000060270,2001 E Broad St Apt 320,Richmond,VA,7,Shockoe Bottom,1,East-3
37.5324937626035,-77.4249514637873,101000043356,2001 E Franklin St,Richmond,VA,7,Shockoe Bottom,1,East-3
37.5324937626035,-77.4249514637873,101000050982,2001 E Franklin St,Richmond,VA,7,Shockoe Bottom,1,East-3
37.5324937626035,-77.4249514637873,101000070591,2001 E Franklin St,Richmond,VA,7,Shockoe Bottom,1,East-3
37.5324937626035,-77.4249514637873,101000083792,2001 E Franklin St,Richmond,VA,7,Shockoe Bottom,1,East-3
37.5324937626035,-77.4249514637873,101000119413,2001 E Franklin St,Richmond,VA,7,Shockoe Bottom,1,East-3
37.5324937626035,-77.4249514637873,101000025155,2001 E Franklin St Apt 105,Richmond,VA,7,Shockoe Bottom,1,East-3
37.5324937626035,-77.4249514637873,101000049297,2001 E Franklin St Apt 105,Richmond,VA,7,Shockoe Bottom,1,East-3
37.5332635399133,-77.4239507918776,101000009982,2001 E Grace St,Richmond,VA,7,Shockoe Bottom,1,East-3
37.5332635399133,-77.4239507918776,101000013908,2001 E Grace St,Richmond,VA,7,Shockoe Bottom,1,East-3
37.5332635399133,-77.4239507918776,101000115992,2001 E Grace St,Richmond,VA,7,Shockoe Bottom,1,East-3
37.5332635399133,-77.4239507918776,101000082610,2001 E Grace St Apt 101,Richmond,VA,7,Shockoe Bottom,1,East-3
37.5332635399133,-77.4239507918776,101000051638,2001 E Grace St Apt 135,Richmond,VA,7,Shockoe Bottom,1,East-3
37.5332635399133,-77.4239507918776,101000077895,2001 E Grace St Apt 207,Richmond,VA,7,Shockoe Bottom,1,East-3
37.5332635399133,-77.4239507918776,101000014890,2001 E Grace St Apt 223,Richmond,VA,7,Shockoe Bottom,1,East-3
37.5332635399133,-77.4239507918776,101000012822,2001 E Grace St Apt 336,Richmond,VA,7,Shockoe Bottom,1,East-3
37.5332635399133,-77.4239507918776,101000120067,2001 E Grace St Apt 421,Richmond,VA,7,Shockoe Bottom,1,East-3
37.5332635399133,-77.4239507918776,101000115698,2001 E Grace St Apt 503,Richmond,VA,7,Shockoe Bottom,1,East-3
37.531884900089,-77.4245222020208,223878-101000076329,2005 E Franklin St,Richmond,VA,7,Shockoe Bottom,1,East-3
37.5323304495529,-77.4247126546588,101000030811,2005 E Franklin St,Richmond,VA,7,Shockoe Bottom,1,East-3
37.5323304495529,-77.4247126546588,101000066672,2005 E Franklin St,Richmond,VA,7,Shockoe Bottom,1,East-3
37.5323304495529,-77.4247126546588,101000113096,2005 E Franklin St,Richmond,VA,7,Shockoe Bottom,1,East-3
37.5323304495529,-77.4247126546588,101000049689,2005 E Franklin St Apt 222,Richmond,VA,7,Shockoe Bottom,1,East-3
37.5323304495529,-77.4247126546588,101000034946,2005 E Franklin St Apt 400,Richmond,VA,7,Shockoe Bottom,1,East-3
37.5323304495529,-77.4247126546588,101000016220,2005 E Franklin St Apt 401,Richmond,VA,7,Shockoe Bottom,1,East-3
37.5323304495529,-77.4247126546588,101000008243,2005 E Franklin St Apt 410,Richmond,VA,7,Shockoe Bottom,1,East-3
37.5323304495529,-77.4247126546588,101000111166,2005 E Franklin St Apt 504,Richmond,VA,7,Shockoe Bottom,1,East-3
37.5323304495529,-77.4247126546588,101000081110,2005 E Franklin St Apt 510,Richmond,VA,7,Shockoe Bottom,1,East-3
37.5325972256749,-77.4246213753356,222311-101000074907,2006 E Franklin St,Richmond,VA,7,Shockoe Bottom,1,East-3
37.5325972256749,-77.4246213753356,101000081408,2006 E Franklin St,Richmond,VA,7,Shockoe Bottom,1,East-3
37.5325972256749,-77.4246213753356,101000081409,2006 E Franklin St,Richmond,VA,7,Shockoe Bottom,1,East-3
37.5325972256749,-77.4246213753356,101000091319,2006 E Franklin St,Richmond,VA,7,Shockoe Bottom,1,East-3
37.5327214011162,-77.4245883866608,218828-101000072201,2006 E Franklin St,Richmond,VA,7,Shockoe Bottom,1,East-3
37.5325972256749,-77.4246213753356,101000117043,2006 E Franklin St Apt 12,Richmond,VA,7,Shockoe Bottom,1,East-3
37.5340606991341,-77.4245996126281,240650-101000091997,201 N 19th St,Richmond,VA,7,Shockoe Bottom,1,East-3
37.5341245842686,-77.424692544555,101000107526,201 N 19th St,Richmond,VA,7,Shockoe Bottom,1,East-3
37.5341245842686,-77.424692544555,101000035398,201 N 19th St,Richmond,VA,7,Shockoe Bottom,1,East-3
37.5341245842686,-77.424692544555,101000107539,201 N 19th St,Richmond,VA,7,Shockoe Bottom,1,East-3
37.5341245842686,-77.424692544555,101000107541,201 N 19th St,Richmond,VA,7,Shockoe Bottom,1,East-3
37.5341245842686,-77.424692544555,101000035399,201 N 19th St,Richmond,VA,7,Shockoe Bottom,1,East-3
37.5341245842686,-77.424692544555,101000091999,201 N 19th St,Richmond,VA,7,Shockoe Bottom,1,East-3
37.5316601456879,-77.4253420319684,101000035640,2010 E Main St,Richmond,VA,7,Shockoe Bottom,1,East-3
37.5316601429416,-77.4253420320077,252584-101000102189,2010 E Main St,Richmond,VA,7,Shockoe Bottom,1,East-3
37.5317608995455,-77.4252537154842,236421-101000087752,2010 E Main St,Richmond,VA,7,Shockoe Bottom,1,East-3
37.5316601429416,-77.4253420320077,101000052200,2010 E Main St Apt 303,Richmond,VA,7,Shockoe Bottom,1,East-3
37.5316601429416,-77.4253420320077,101000050267,2010 E Main St Apt 305,Richmond,VA,7,Shockoe Bottom,1,East-3
37.5315401108173,-77.4251071238189,101000022618,2016 E Main St,Richmond,VA,7,Shockoe Bottom,1,East-3
37.5315401108173,-77.4251071238189,101000043037,2016 E Main St,Richmond,VA,7,Shockoe Bottom,1,East-3
37.5337949692389,-77.4242219621822,101000038516,202 N 20th St,Richmond,VA,7,Shockoe Bottom,1,East-3
37.5337949692389,-77.4242219621822,101000103791,202 N 20th St,Richmond,VA,7,Shockoe Bottom,1,East-3
37.5337949692389,-77.4242219621822,270720-101000112147,202 N 20th St,Richmond,VA,7,Shockoe Bottom,1,East-3
37.5337949692389,-77.4242219621822,101000082871,202 N 20th St Apt 101,Richmond,VA,7,Shockoe Bottom,1,East-3
37.5337949692389,-77.4242219621822,101000116091,202 N 20th St Apt 101,Richmond,VA,7,Shockoe Bottom,1,East-3
37.5337949692389,-77.4242219621822,101000116299,202 N 20th St Apt 111,Richmond,VA,7,Shockoe Bottom,1,East-3
37.5337949692389,-77.4242219621822,101000057772,202 N 20th St Apt 301,Richmond,VA,7,Shockoe Bottom,1,East-3
37.5337949692389,-77.4242219621822,101000014460,202 N 20th St Apt 307,Richmond,VA,7,Shockoe Bottom,1,East-3
37.5337949692389,-77.4242219621822,101000111990,202 N 20th St Apt 402,Richmond,VA,7,Shockoe Bottom,1,East-3
37.5337949692389,-77.4242219621822,101000048400,202 N 20th St Apt 406,Richmond,VA,7,Shockoe Bottom,1,East-3
37.532291106759,-77.4241150467647,101000071038,2020 E Franklin St,Richmond,VA,7,Shockoe Bottom,1,East-3
37.5322911040128,-77.424115046804,101000114252,2020 E Franklin St,Richmond,VA,7,Shockoe Bottom,1,East-3
37.5322911040128,-77.424115046804,101000119990,2020 E Franklin St Apt 203,Richmond,VA,7,Shockoe Bottom,1,East-3
37.5322911040128,-77.424115046804,101000038594,2020 E Franklin St Apt 216,Richmond,VA,7,Shockoe Bottom,1,East-3
37.5322911040128,-77.424115046804,101000053873,2020 E Franklin St Apt 216,Richmond,VA,7,Shockoe Bottom,1,East-3
37.5312613818056,-77.4251999850303,101000048134,2025 E Main St,Richmond,VA,7,Shockoe Bottom,1,East-3
37.5314153731132,-77.4249457780581,101000066225,2026 E Main St,Richmond,VA,7,Shockoe Bottom,1,East-3
37.5314153731132,-77.4249457780581,101000049169,2026 E Main St Apt 502,Richmond,VA,7,Shockoe Bottom,1,East-3
37.5314153758594,-77.4249457780188,101000047128,2026 E Main St Apt 503,Richmond,VA,7,Shockoe Bottom,1,East-3
37.5314153758594,-77.4249457780188,101000098126,2026 E Main St Apt 504,Richmond,VA,7,Shockoe Bottom,1,East-3
37.5314153731132,-77.4249457780581,101000115765,2026 E Main St Apt 504,Richmond,VA,7,Shockoe Bottom,1,East-3
37.5348563213231,-77.4254998306728,101000025221,207 N 18th St,Richmond,VA,7,Shockoe Bottom,1,East-3
37.5344849274419,-77.4244350295689,264232-101000108642,209 N 19th St,Richmond,VA,7,Shockoe Bottom,1,East-3
37.5344711652182,-77.424363384593,101000034811,209 N 19th St Unit 23,Richmond,VA,7,Shockoe Bottom,1,East-3
37.5344711652182,-77.424363384593,101000034812,209 N 19th St Unit 23,Richmond,VA,7,Shockoe Bottom,1,East-3
37.5343949077514,-77.4233288223782,101000072208,20th St @ Broad St,Richmond,VA,7,Shockoe Bottom,1,East-3
37.5317994115241,-77.4258284657466,101000110875,20th St @ Main St,Richmond,VA,7,Shockoe Bottom,1,East-3
37.5302063646073,-77.4252154130058,101000010092,2100 E Cary St,Richmond,VA,7,Shockoe Bottom,1,East-3
37.5321003477537,-77.4240828398968,235144-101000086470,2100 E Franklin St,Richmond,VA,7,Shockoe Bottom,1,East-3
37.5312843380174,-77.4247073039127,101000114572,2100 E Main St,Richmond,VA,7,Shockoe Bottom,1,East-3
37.5313033998269,-77.4246783026234,274771-101000114475,2100 E Main St,Richmond,VA,7,Shockoe Bottom,1,East-3
37.5313033998269,-77.4246783026234,277912-101000116151,2100 E Main St,Richmond,VA,7,Shockoe Bottom,1,East-3
37.5312843380174,-77.4247073039127,101000060223,2100 E Main St Apt B,Richmond,VA,7,Shockoe Bottom,1,East-3
37.5319272893551,-77.4240665549434,101000056407,2101 E Franklin St,Richmond,VA,7,Shockoe Bottom,1,East-3
37.5320411524178,-77.4240288503597,198324-101000056229,2101 E Franklin St,Richmond,VA,7,Shockoe Bottom,1,East-3
37.5310665707966,-77.4248750991666,101000107850,2101 E Main St,Richmond,VA,7,Shockoe Bottom,1,East-3
37.5310665707966,-77.4248750991666,101000049124,2101 E Main St,Richmond,VA,7,Shockoe Bottom,1,East-3
37.5310665707966,-77.4248750991666,101000057394,2101 E Main St,Richmond,VA,7,Shockoe Bottom,1,East-3
37.5312393445921,-77.4246477656684,101000060460,2102 E Main St,Richmond,VA,7,Shockoe Bottom,1,East-3
37.5312393445921,-77.4246477656684,101000097437,2102 E Main St,Richmond,VA,7,Shockoe Bottom,1,East-3
37.5311665486306,-77.4245350651811,101000004990,2106 E Main St,Richmond,VA,7,Shockoe Bottom,1,East-3
37.5311665486306,-77.4245350651811,101000005452,2106 E Main St,Richmond,VA,7,Shockoe Bottom,1,East-3
37.5337177273963,-77.4237593247183,101000085080,211 N 20th St,Richmond,VA,7,Shockoe Bottom,1,East-3
37.5311604993287,-77.4243980960046,266461-101000109882,2110 E Main St,Richmond,VA,7,Shockoe Bottom,1,East-3
37.5309257581255,-77.4245346471607,247989-101000098629,2113 E Main St,Richmond,VA,7,Shockoe Bottom,1,East-3
37.5310487609912,-77.4243352020319,101000083195,2114 E Main St,Richmond,VA,7,Shockoe Bottom,1,East-3
37.5310175836329,-77.4242890892746,101000101920,2116 E Main St,Richmond,VA,7,Shockoe Bottom,1,East-3
37.5315585515376,-77.4234250389401,101000023070,2119 E Franklin St,Richmond,VA,7,Shockoe Bottom,1,East-3
37.5315585542839,-77.4234250389008,101000111512,2119 E Franklin St,Richmond,VA,7,Shockoe Bottom,1,East-3
37.5315585542839,-77.4234250389008,101000026789,2119 E Franklin St,Richmond,VA,7,Shockoe Bottom,1,East-3
37.5315585542839,-77.4234250389008,101000092705,2119 E Franklin St,Richmond,VA,7,Shockoe Bottom,1,East-3
37.5315585542839,-77.4234250389008,101000033048,2119 E Franklin St,Richmond,VA,7,Shockoe Bottom,1,East-3
37.5315585515376,-77.4234250389401,101000033629,2119 E Franklin St,Richmond,VA,7,Shockoe Bottom,1,East-3
37.5315585542839,-77.4234250389008,101000083377,2119 E Franklin St,Richmond,VA,7,Shockoe Bottom,1,East-3
37.5307945989153,-77.4241697097928,233685-101000084956,2129 Allwood Ave,Richmond,VA,7,Shockoe Bottom,1,East-3
37.5350322736412,-77.425376670123,101000117228,213 N 18th St,Richmond,VA,7,Shockoe Bottom,1,East-3
37.5350322736412,-77.425376670123,101000075945,213 N 18th St Apt 5,Richmond,VA,7,Shockoe Bottom,1,East-3
37.5341294815032,-77.4240051684668,101000031706,214 N 20th St,Richmond,VA,7,Shockoe Bottom,1,East-3
37.5349909995966,-77.4252289882526,200302-101000057937,215 N 18th St,Richmond,VA,7,Shockoe Bottom,1,East-3
37.5345550402466,-77.4242344692574,101000051304,215 N 19th St Unit 42,Richmond,VA,7,Shockoe Bottom,1,East-3
37.5347180158275,-77.4242867687739,101000060906,219 N 19th St,Richmond,VA,7,Shockoe Bottom,1,East-3
37.533850342595,-77.4224157562839,101000100197,21st St @ Broad St,Richmond,VA,7,Shockoe Bottom,1,East-3
37.533850342595,-77.4224157562839,101000026260,21st St @ Broad St,Richmond,VA,7,Shockoe Bottom,1,East-3
37.533850342595,-77.4224157562839,101000027349,21st St @ Broad St,Richmond,VA,7,Shockoe Bottom,1,East-3
37.533850342595,-77.4224157562839,101000098351,21st St @ Broad St,Richmond,VA,7,Shockoe Bottom,1,East-3
37.5312504247738,-77.4249173044421,101000101478,21st St @ Main St,Richmond,VA,7,Shockoe Bottom,1,East-3
37.5312504247738,-77.4249173044421,101000023985,21st St @ Main St,Richmond,VA,7,Shockoe Bottom,1,East-3
37.5312504247738,-77.4249173044421,101000114795,21st St @ Main St,Richmond,VA,7,Shockoe Bottom,1,East-3
37.529758555672,-77.4244833350832,101000027221,2200 E Cary St,Richmond,VA,7,Shockoe Bottom,1,East-3
37.529758555672,-77.4244833350832,101000042383,2200 E Cary St,Richmond,VA,7,Shockoe Bottom,1,East-3
37.529758555672,-77.4244833350832,101000086380,2200 E Cary St,Richmond,VA,7,Shockoe Bottom,1,East-3
37.529758555672,-77.4244833350832,101000111986,2200 E Cary St Apt 232,Richmond,VA,7,Shockoe Bottom,1,East-3
37.529758555672,-77.4244833350832,101000077541,2200 E Cary St Apt 236,Richmond,VA,7,Shockoe Bottom,1,East-3
37.529758555672,-77.4244833350832,101000085069,2200 E Cary St Apt 237,Richmond,VA,7,Shockoe Bottom,1,East-3
37.5307237790047,-77.4237982194086,101000086401,2200 E Main St,Richmond,VA,7,Shockoe Bottom,1,East-3
37.5307237790047,-77.4237982194086,101000086403,2200 E Main St,Richmond,VA,7,Shockoe Bottom,1,East-3
37.5307237790047,-77.4237982194086,267441-101000110575,2200 E Main St,Richmond,VA,7,Shockoe Bottom,1,East-3
37.5307237762585,-77.4237982194479,101000118930,2200 E Main St,Richmond,VA,7,Shockoe Bottom,1,East-3
37.5313954658997,-77.4231402600061,101000116497,2201 E Franklin St Apt 410,Richmond,VA,7,Shockoe Bottom,1,East-3
37.5304910858483,-77.4239064623463,101000107890,2201 E Main St,Richmond,VA,7,Shockoe Bottom,1,East-3
37.5304910858483,-77.4239064623463,101000021112,2201 E Main St,Richmond,VA,7,Shockoe Bottom,1,East-3
37.5306844876338,-77.4237656735052,101000025999,2202 E Main St,Richmond,VA,7,Shockoe Bottom,1,East-3
37.530695987281,-77.423752334505,101000114898,2202 E Main St,Richmond,VA,7,Shockoe Bottom,1,East-3
37.5293541659565,-77.4245580603043,101000094493,2204 Dock St,Richmond,VA,7,Shockoe Bottom,1,East-3
37.5293541659565,-77.4245580603043,101000041330,2204 Dock St,Richmond,VA,7,Shockoe Bottom,1,East-3
37.5306259997577,-77.4236695309397,101000074530,2206 E Main St,Richmond,VA,7,Shockoe Bottom,1,East-3
37.5326369008631,-77.4271933943305,216251-101000070188,2211 Rear W Main St,Richmond,VA,7,Shockoe Bottom,1,East-3
37.5296180344483,-77.4242368636983,101000028639,2222 E Cary St,Richmond,VA,7,Shockoe Bottom,1,East-3
37.5296180344483,-77.4242368636983,101000082673,2222 E Cary St,Richmond,VA,7,Shockoe Bottom,1,East-3
37.5296180371945,-77.424236863659,101000109554,2222 E Cary St,Richmond,VA,7,Shockoe Bottom,1,East-3
37.5296180344483,-77.4242368636983,101000104117,2222 E Cary St Apt 218,Richmond,VA,7,Shockoe Bottom,1,East-3
37.5296180344483,-77.4242368636983,101000057084,2222 E Cary St Apt 403,Richmond,VA,7,Shockoe Bottom,1,East-3
37.5296180344483,-77.4242368636983,101000028642,2222 E Cary St Apt 416,Richmond,VA,7,Shockoe Bottom,1,East-3
37.5306967088615,-77.4240163634694,101000090028,22nd St @ Main St,Richmond,VA,7,Shockoe Bottom,1,East-3
37.5291530218284,-77.4234598998585,101000022464,2300 E Cary St,Richmond,VA,7,Shockoe Bottom,1,East-3
37.5291530218284,-77.4234598998585,101000053094,2300 E Cary St,Richmond,VA,7,Shockoe Bottom,1,East-3
37.5291530218284,-77.4234598998585,101000054151,2300 E Cary St,Richmond,VA,7,Shockoe Bottom,1,East-3
37.5291530218284,-77.4234598998585,101000112512,2300 E Cary St,Richmond,VA,7,Shockoe Bottom,1,East-3
37.5291530245747,-77.4234598998192,101000012117,2300 E Cary St Apt 202,Richmond,VA,7,Shockoe Bottom,1,East-3
37.5291530245747,-77.4234598998192,101000015513,2300 E Cary St Apt 202,Richmond,VA,7,Shockoe Bottom,1,East-3
37.5291530218284,-77.4234598998585,101000088137,2300 E Cary St Apt 203,Richmond,VA,7,Shockoe Bottom,1,East-3
37.5291530218284,-77.4234598998585,101000017825,2300 E Cary St Apt 207,Richmond,VA,7,Shockoe Bottom,1,East-3
37.5291530245747,-77.4234598998192,101000018949,2300 E Cary St Apt 217,Richmond,VA,7,Shockoe Bottom,1,East-3
37.5291530218284,-77.4234598998585,101000066298,2300 E Cary St Apt 224,Richmond,VA,7,Shockoe Bottom,1,East-3
37.5291530218284,-77.4234598998585,101000115570,2300 E Cary St Apt 231,Richmond,VA,7,Shockoe Bottom,1,East-3
37.5291530218284,-77.4234598998585,101000019385,2300 E Cary St Apt 304,Richmond,VA,7,Shockoe Bottom,1,East-3
37.5291530245747,-77.4234598998192,101000014070,2300 E Cary St Apt 309,Richmond,VA,7,Shockoe Bottom,1,East-3
37.5291530218284,-77.4234598998585,101000005061,2300 E Cary St Apt 322,Richmond,VA,7,Shockoe Bottom,1,East-3
37.5291530245747,-77.4234598998192,101000016415,2300 E Cary St Apt 411,Richmond,VA,7,Shockoe Bottom,1,East-3
37.5291530218284,-77.4234598998585,101000014350,2300 E Cary St Apt 416,Richmond,VA,7,Shockoe Bottom,1,East-3
37.5291530245747,-77.4234598998192,101000011030,2300 E Cary St Apt 418,Richmond,VA,7,Shockoe Bottom,1,East-3
37.5291530245747,-77.4234598998192,101000002065,2300 E Cary St Apt 427,Richmond,VA,7,Shockoe Bottom,1,East-3
37.5291530245747,-77.4234598998192,101000007617,2300 E Cary St Apt 427,Richmond,VA,7,Shockoe Bottom,1,East-3
37.5291530245747,-77.4234598998192,101000017753,2300 E Cary St Apt 434,Richmond,VA,7,Shockoe Bottom,1,East-3
37.5291530218284,-77.4234598998585,101000083150,2300 E Cary St Apt 504,Richmond,VA,7,Shockoe Bottom,1,East-3
37.5291530245747,-77.4234598998192,101000021760,2300 E Cary St Apt 512,Richmond,VA,7,Shockoe Bottom,1,East-3
37.5291530245747,-77.4234598998192,101000000421,2300 E Cary St Apt 519,Richmond,VA,7,Shockoe Bottom,1,East-3
37.5291530245747,-77.4234598998192,101000015539,2300 E Cary St Apt 602,Richmond,VA,7,Shockoe Bottom,1,East-3
37.5291530218284,-77.4234598998585,101000053824,2300 E Cary St Apt 603,Richmond,VA,7,Shockoe Bottom,1,East-3
37.5291530245747,-77.4234598998192,101000019657,2300 E Cary St Apt 621,Richmond,VA,7,Shockoe Bottom,1,East-3
37.5291530218284,-77.4234598998585,101000104563,2300 E Cary St Apt 628,Richmond,VA,7,Shockoe Bottom,1,East-3
37.5309982991015,-77.4222839896188,214881-101000069028,2300 E Franklin St,Richmond,VA,7,Shockoe Bottom,1,East-3
37.5299591225468,-77.4230462663775,101000004474,2301 E Main St,Richmond,VA,7,Shockoe Bottom,1,East-3
37.5289776590133,-77.4231802719526,101000085599,2306 E Cary St,Richmond,VA,7,Shockoe Bottom,1,East-3
37.5289776590133,-77.4231802719526,101000089039,2306 E Cary St,Richmond,VA,7,Shockoe Bottom,1,East-3
37.5300942053625,-77.4227673612265,101000049026,2308 E Main St,Richmond,VA,7,Shockoe Bottom,1,East-3
37.5300484894846,-77.4226894880214,238728-101000089902,2310 E Main St,Richmond,VA,7,Shockoe Bottom,1,East-3
37.5296832791664,-77.4226011570245,101000029911,2323 E Main St,Richmond,VA,7,Shockoe Bottom,1,East-3
37.5296832791664,-77.4226011570245,101000047998,2323 E Main St,Richmond,VA,7,Shockoe Bottom,1,East-3
37.5296832791664,-77.4226011570245,101000056987,2323 E Main St,Richmond,VA,7,Shockoe Bottom,1,East-3
37.5296832791664,-77.4226011570245,101000105132,2323 E Main St,Richmond,VA,7,Shockoe Bottom,1,East-3
37.5310028198836,-77.4222634389165,267185-101000110205,23rd St @ Franklin St,Richmond,VA,7,Shockoe Bottom,1,East-3
37.5282556009926,-77.4230584951799,250887-101000100677,2400 Dock St,Richmond,VA,7,Shockoe Bottom,1,East-3
37.528653779352,-77.4226651579723,101000038386,2400 E Cary St,Richmond,VA,7,Shockoe Bottom,1,East-3
37.528653779352,-77.4226651579723,101000082647,2400 E Cary St,Richmond,VA,7,Shockoe Bottom,1,East-3
37.5286809006555,-77.4227281908653,251315-101000101008,2400 E Cary St,Richmond,VA,7,Shockoe Bottom,1,East-3
37.528653779352,-77.4226651579723,101000004623,2400 E Cary St Apt 103,Richmond,VA,7,Shockoe Bottom,1,East-3
37.528653779352,-77.4226651579723,101000020053,2400 E Cary St Apt 220,Richmond,VA,7,Shockoe Bottom,1,East-3
37.528653779352,-77.4226651579723,101000070745,2400 E Cary St Apt 221,Richmond,VA,7,Shockoe Bottom,1,East-3
37.528653779352,-77.4226651579723,101000012913,2400 E Cary St Apt 232,Richmond,VA,7,Shockoe Bottom,1,East-3
37.528653779352,-77.4226651579723,101000004813,2400 E Cary St Apt 301,Richmond,VA,7,Shockoe Bottom,1,East-3
37.528653779352,-77.4226651579723,101000018680,2400 E Cary St Apt 301,Richmond,VA,7,Shockoe Bottom,1,East-3
37.528653779352,-77.4226651579723,101000001623,2400 E Cary St Apt 302,Richmond,VA,7,Shockoe Bottom,1,East-3
37.528653779352,-77.4226651579723,101000020246,2400 E Cary St Apt 320,Richmond,VA,7,Shockoe Bottom,1,East-3
37.528653779352,-77.4226651579723,101000019067,2400 E Cary St Apt 323,Richmond,VA,7,Shockoe Bottom,1,East-3
37.528653779352,-77.4226651579723,101000098156,2400 E Cary St Apt 327,Richmond,VA,7,Shockoe Bottom,1,East-3
37.528653779352,-77.4226651579723,101000025582,2400 E Cary St Apt 329,Richmond,VA,7,Shockoe Bottom,1,East-3
37.528653779352,-77.4226651579723,101000009412,2400 E Cary St Apt 332,Richmond,VA,7,Shockoe Bottom,1,East-3
37.528653779352,-77.4226651579723,101000115657,2400 E Cary St Apt 400,Richmond,VA,7,Shockoe Bottom,1,East-3
37.528653779352,-77.4226651579723,101000020638,2400 E Cary St Apt 409,Richmond,VA,7,Shockoe Bottom,1,East-3
37.528653779352,-77.4226651579723,101000012683,2400 E Cary St Apt 419,Richmond,VA,7,Shockoe Bottom,1,East-3
37.528653779352,-77.4226651579723,101000022283,2400 E Cary St Apt 420,Richmond,VA,7,Shockoe Bottom,1,East-3
37.528653779352,-77.4226651579723,101000015222,2400 E Cary St Apt 424,Richmond,VA,7,Shockoe Bottom,1,East-3
37.528653779352,-77.4226651579723,101000077748,2400 E Cary St Apt 434,Richmond,VA,7,Shockoe Bottom,1,East-3
37.5296766590732,-77.421620360396,203458-101000060487,2400 Virginia 5,Richmond,VA,7,Shockoe Bottom,1,East-3
37.5301507299303,-77.4211903277998,101000049694,2401 E Franklin St,Richmond,VA,7,Shockoe Bottom,1,East-3
37.5301507299303,-77.4211903277998,101000049650,2401 E Franklin St Apt 102,Richmond,VA,7,Shockoe Bottom,1,East-3
37.5301507299303,-77.4211903277998,101000055878,2401 E Franklin St Apt 205,Richmond,VA,7,Shockoe Bottom,1,East-3
37.5301507299303,-77.4211903277998,101000099635,2401 E Franklin St Apt 302,Richmond,VA,7,Shockoe Bottom,1,East-3
37.5301507299303,-77.4211903277998,101000062292,2401 E Franklin St Apt 305,Richmond,VA,7,Shockoe Bottom,1,East-3
37.5301507299303,-77.4211903277998,101000012320,2401 E Franklin St Apt 405,Richmond,VA,7,Shockoe Bottom,1,East-3
37.5293187010725,-77.421744510504,199111-101000056887,2408 Coles St,Richmond,VA,7,Shockoe Bottom,1,East-3
37.5299010012719,-77.4208700044046,262759-101000107823,2411 E Franklin St,Richmond,VA,7,Shockoe Bottom,1,East-3
37.5299459996324,-77.4208432858992,196719-101000054518,2411 E Franklin St,Richmond,VA,7,Shockoe Bottom,1,East-3
37.5300107849941,-77.4208947770757,101000087025,2411 E Franklin St,Richmond,VA,7,Shockoe Bottom,1,East-3
37.5300107849941,-77.4208947770757,101000117336,2411 E Franklin St,Richmond,VA,7,Shockoe Bottom,1,East-3
37.5300107849941,-77.4208947770757,101000096038,2411 E Franklin St Apt 303,Richmond,VA,7,Shockoe Bottom,1,East-3
37.5298718994276,-77.4206694978097,262391-101000107622,2419 E Franklin St,Richmond,VA,7,Shockoe Bottom,1,East-3
37.5290489199422,-77.4214629986589,220187-101000073134,2419 E Main St,Richmond,VA,7,Shockoe Bottom,1,East-3
37.5279748323486,-77.4215544503975,101000069938,2500 E Cary St,Richmond,VA,7,Shockoe Bottom,1,East-3
37.5279748323486,-77.4215544503975,101000079536,2500 E Cary St,Richmond,VA,7,Shockoe Bottom,1,East-3
37.5279748323486,-77.4215544503975,101000097959,2500 E Cary St,Richmond,VA,7,Shockoe Bottom,1,East-3
37.5279748323486,-77.4215544503975,101000118667,2500 E Cary St,Richmond,VA,7,Shockoe Bottom,1,East-3
37.5279748323486,-77.4215544503975,101000017149,2500 E Cary St Apt 100,Richmond,VA,7,Shockoe Bottom,1,East-3
37.5279748323486,-77.4215544503975,101000010403,2500 E Cary St Apt 110,Richmond,VA,7,Shockoe Bottom,1,East-3
37.5279748323486,-77.4215544503975,101000017034,2500 E Cary St Apt 116,Richmond,VA,7,Shockoe Bottom,1,East-3
37.5279748323486,-77.4215544503975,101000006554,2500 E Cary St Apt 314,Richmond,VA,7,Shockoe Bottom,1,East-3
37.5279748323486,-77.4215544503975,101000020464,2500 E Cary St Apt 319,Richmond,VA,7,Shockoe Bottom,1,East-3
37.5279748323486,-77.4215544503975,101000008691,2500 E Cary St Apt 321,Richmond,VA,7,Shockoe Bottom,1,East-3
37.5279748323486,-77.4215544503975,101000020385,2500 E Cary St Apt 412,Richmond,VA,7,Shockoe Bottom,1,East-3
37.5279748323486,-77.4215544503975,101000001224,2500 E Cary St Apt 415,Richmond,VA,7,Shockoe Bottom,1,East-3
37.5279748323486,-77.4215544503975,101000085751,2500 E Cary St Apt 501,Richmond,VA,7,Shockoe Bottom,1,East-3
37.5279748323486,-77.4215544503975,101000093012,2500 E Cary St Apt 509,Richmond,VA,7,Shockoe Bottom,1,East-3
37.5279748323486,-77.4215544503975,101000106610,2500 E Cary St Apt 518,Richmond,VA,7,Shockoe Bottom,1,East-3
37.5279748323486,-77.4215544503975,101000005515,2500 E Cary St Apt 606,Richmond,VA,7,Shockoe Bottom,1,East-3
37.5290458778343,-77.420836962666,101000111575,2500 E Main St,Richmond,VA,7,Shockoe Bottom,1,East-3
37.5290512988859,-77.4208752000728,195742-101000054040,2500 Seminary Ave,Richmond,VA,7,Shockoe Bottom,1,East-3
37.5296758131653,-77.4203124365579,101000014287,2501 E Franklin St,Richmond,VA,7,Shockoe Bottom,1,East-3
37.5296758131653,-77.4203124365579,101000107992,2501 E Franklin St,Richmond,VA,7,Shockoe Bottom,1,East-3
37.5296758131653,-77.4203124365579,101000031352,2501 E Franklin St,Richmond,VA,7,Shockoe Bottom,1,East-3
37.5296758131653,-77.4203124365579,101000042019,2501 E Franklin St,Richmond,VA,7,Shockoe Bottom,1,East-3
37.5296758131653,-77.4203124365579,101000071853,2501 E Franklin St,Richmond,VA,7,Shockoe Bottom,1,East-3
37.5296109535215,-77.4203212656525,101000013903,2501 E Franklin St Unit 1,Richmond,VA,7,Shockoe Bottom,1,East-3
37.5296109535215,-77.4203212656525,101000025229,2501 E Franklin St Unit 4,Richmond,VA,7,Shockoe Bottom,1,East-3
37.5296109535215,-77.4203212656525,101000045567,2501 E Franklin St Unit P1,Richmond,VA,7,Shockoe Bottom,1,East-3
37.5296109535215,-77.4203212656525,101000083364,2501 E Franklin St Unit P1,Richmond,VA,7,Shockoe Bottom,1,East-3
37.5289590096006,-77.421240432718,260068-101000106430,2501-2515 E Main St,Richmond,VA,7,Shockoe Bottom,1,East-3
37.5291151390055,-77.4208002397487,101000111943,2506 E Main St,Richmond,VA,7,Shockoe Bottom,1,East-3
37.5295052969595,-77.4200965114502,101000051750,2509 E Franklin St,Richmond,VA,7,Shockoe Bottom,1,East-3
37.5295052969595,-77.4200965114502,101000117417,2509 E Franklin St,Richmond,VA,7,Shockoe Bottom,1,East-3
37.5289813526197,-77.4206197923526,101000010175,2512 E Main St,Richmond,VA,7,Shockoe Bottom,1,East-3
37.5294216648101,-77.4199636950312,101000086342,2515 E Franklin St,Richmond,VA,7,Shockoe Bottom,1,East-3
37.5293843576777,-77.4199106032267,101000060365,2517 E Franklin St,Richmond,VA,7,Shockoe Bottom,1,East-3
37.5293843576777,-77.4199106032267,101000115650,2517 E Franklin St,Richmond,VA,7,Shockoe Bottom,1,East-3
37.529362229672,-77.4198591901906,101000013358,2519 E Franklin St,Richmond,VA,7,Shockoe Bottom,1,East-3
37.5293222463637,-77.4197942388201,101000068821,2521 E Franklin St,Richmond,VA,7,Shockoe Bottom,1,East-3
37.5299077061006,-77.4204616446335,101000069488,25th St @ Franklin St,Richmond,VA,7,Shockoe Bottom,1,East-3
37.5299077061006,-77.4204616446335,268922-101000111055,25th St @ Franklin St,Richmond,VA,7,Shockoe Bottom,1,East-3
37.5290356099852,-77.421284615195,101000026334,25th St @ Main St,Richmond,VA,7,Shockoe Bottom,1,East-3
37.5290356099852,-77.421284615195,101000056593,25th St @ Main St,Richmond,VA,7,Shockoe Bottom,1,East-3
37.5290356099852,-77.421284615195,258500-101000105645,25th St @ Main St,Richmond,VA,7,Shockoe Bottom,1,East-3
37.5290356099852,-77.421284615195,101000106154,25th St @ Main St,Richmond,VA,7,Shockoe Bottom,1,East-3
37.5277170486399,-77.4209006968792,101000026246,2600 E Cary St,Richmond,VA,7,Shockoe Bottom,1,East-3
37.5277170486399,-77.4209006968792,101000094520,2600 E Cary St,Richmond,VA,7,Shockoe Bottom,1,East-3
37.5277170486399,-77.4209006968792,101000044872,2600 E Cary St,Richmond,VA,7,Shockoe Bottom,1,East-3
37.5277170486399,-77.4209006968792,101000044874,2600 E Cary St,Richmond,VA,7,Shockoe Bottom,1,East-3
37.5277170486399,-77.4209006968792,101000049320,2600 E Cary St,Richmond,VA,7,Shockoe Bottom,1,East-3
37.5277170486399,-77.4209006968792,101000067136,2600 E Cary St,Richmond,VA,7,Shockoe Bottom,1,East-3
37.5277170486399,-77.4209006968792,101000058321,2600 E Cary St Apt 1109,Richmond,VA,7,Shockoe Bottom,1,East-3
37.5277170486399,-77.4209006968792,101000107903,2600 E Cary St Apt 1125,Richmond,VA,7,Shockoe Bottom,1,East-3
37.5277170486399,-77.4209006968792,101000097043,2600 E Cary St Apt 2125,Richmond,VA,7,Shockoe Bottom,1,East-3
37.5277170486399,-77.4209006968792,101000050035,2600 E Cary St Apt 3129,Richmond,VA,7,Shockoe Bottom,1,East-3
37.5277170486399,-77.4209006968792,101000014491,2600 E Cary St Apt 3133,Richmond,VA,7,Shockoe Bottom,1,East-3
37.5277170486399,-77.4209006968792,101000023111,2600 E Cary St Apt 4104,Richmond,VA,7,Shockoe Bottom,1,East-3
37.5277170486399,-77.4209006968792,101000040212,2600 E Cary St Apt 4135,Richmond,VA,7,Shockoe Bottom,1,East-3
37.5277170486399,-77.4209006968792,101000055080,2600 E Cary St Apt 5106,Richmond,VA,7,Shockoe Bottom,1,East-3
37.5283564865693,-77.4195399108311,101000101433,2600 E Main St,Richmond,VA,7,Shockoe Bottom,1,East-3
37.5283564865693,-77.4195399108311,101000023884,2600 E Main St,Richmond,VA,7,Shockoe Bottom,1,East-3
37.5284269994054,-77.4196962955211,235024-101000086441,2600 E Main St,Richmond,VA,7,Shockoe Bottom,1,East-3
37.5291900640834,-77.4194717512789,207633-101000063560,2601 E Franklin St,Richmond,VA,7,Shockoe Bottom,1,East-3
37.5283079330375,-77.4204114006112,204811-101000061383,2601 E Main St,Richmond,VA,7,Shockoe Bottom,1,East-3
37.528437772067,-77.420339941633,257153-101000104674,2601 E Main St,Richmond,VA,7,Shockoe Bottom,1,East-3
37.5291060263116,-77.4194689586013,101000039489,2603 E Franklin St,Richmond,VA,7,Shockoe Bottom,1,East-3
37.5290374563443,-77.4193491701321,101000048118,2605 E Franklin St,Richmond,VA,7,Shockoe Bottom,1,East-3
37.5281708998661,-77.4201743062531,101000009485,2609 E Main St,Richmond,VA,7,Shockoe Bottom,1,East-3
37.5281708998661,-77.4201743062531,101000015126,2609 E Main St,Richmond,VA,7,Shockoe Bottom,1,East-3
37.5281708998661,-77.4201743062531,101000091033,2609 E Main St,Richmond,VA,7,Shockoe Bottom,1,East-3
37.5289372118478,-77.4191771754168,101000097214,2611 E Franklin St,Richmond,VA,7,Shockoe Bottom,1,East-3
37.5281418834917,-77.4201298212865,101000033184,2611 E Main St,Richmond,VA,7,Shockoe Bottom,1,East-3
37.5281128397682,-77.420082336402,101000100803,2613 E Main St,Richmond,VA,7,Shockoe Bottom,1,East-3
37.5287582178301,-77.4189221306478,101000007264,2617 E Franklin St,Richmond,VA,7,Shockoe Bottom,1,East-3
37.5287582178301,-77.4189221306478,101000007265,2617 E Franklin St,Richmond,VA,7,Shockoe Bottom,1,East-3
37.5288404116351,-77.418716440448,242846-101000093861,2617 E Franklin St,Richmond,VA,7,Shockoe Bottom,1,East-3
37.52880716152,-77.4187164358498,254720-101000103274,2617-2699 E Franklin St,Richmond,VA,7,Shockoe Bottom,1,East-3
37.5279692940706,-77.4198570277938,101000037173,2623 E Main St,Richmond,VA,7,Shockoe Bottom,1,East-3
37.5279692940706,-77.4198570277938,101000037177,2623 E Main St,Richmond,VA,7,Shockoe Bottom,1,East-3
37.5279112911508,-77.419771058283,101000017232,2627 E Main St,Richmond,VA,7,Shockoe Bottom,1,East-3
37.5279112911508,-77.419771058283,101000017243,2627 E Main St,Richmond,VA,7,Shockoe Bottom,1,East-3
37.52848765574,-77.420378574805,101000115457,26th St @ Main St,Richmond,VA,7,Shockoe Bottom,1,East-3
37.5341136003441,-77.4277561234981,101000100194,27 N 17th St,Richmond,VA,7,Shockoe Bottom,1,East-3
37.5341136003441,-77.4277561234981,101000025983,27 N 17th St,Richmond,VA,7,Shockoe Bottom,1,East-3
37.5269254319564,-77.4198874402633,210073-101000065808,2700 E Cary St,Richmond,VA,7,Shockoe Bottom,1,East-3
37.5271351131409,-77.4201625596501,101000030296,2700 E Cary St,Richmond,VA,7,Shockoe Bottom,1,East-3
37.5271351131409,-77.4201625596501,101000065988,2700 E Cary St,Richmond,VA,7,Shockoe Bottom,1,East-3
37.5271351131409,-77.4201625596501,101000080831,2700 E Cary St,Richmond,VA,7,Shockoe Bottom,1,East-3
37.5271351131409,-77.4201625596501,101000082111,2700 E Cary St,Richmond,VA,7,Shockoe Bottom,1,East-3
37.5271351131409,-77.4201625596501,101000082611,2700 E Cary St,Richmond,VA,7,Shockoe Bottom,1,East-3
37.5271351131409,-77.4201625596501,101000084916,2700 E Cary St,Richmond,VA,7,Shockoe Bottom,1,East-3
37.5286840909592,-77.4186545084416,264305-101000108738,2701 E Franklin St,Richmond,VA,7,Shockoe Bottom,1,East-3
37.527652981047,-77.4193899002672,101000112192,2701 E Main St,Richmond,VA,7,Shockoe Bottom,1,East-3
37.527652981047,-77.4193899002672,101000042532,2701 E Main St,Richmond,VA,7,Shockoe Bottom,1,East-3
37.5276529783007,-77.4193899003067,101000098555,2701 E Main St Apt 313,Richmond,VA,7,Shockoe Bottom,1,East-3
37.5276529783007,-77.4193899003067,101000006120,2701 E Main St Apt 510,Richmond,VA,7,Shockoe Bottom,1,East-3
37.5279476162058,-77.4190469719752,237846-101000089231,2706 E Main St,Richmond,VA,7,Shockoe Bottom,1,East-3
37.5280113221351,-77.4195785648144,205824-101000062242,2706 Va-5,Richmond,VA,7,Shockoe Bottom,1,East-3
37.5284596549785,-77.4183821518492,101000028456,2709 E Franklin St,Richmond,VA,7,Shockoe Bottom,1,East-3
37.5284596549785,-77.4183821518492,101000108154,2709 E Franklin St,Richmond,VA,7,Shockoe Bottom,1,East-3
37.5284596549785,-77.4183821518492,101000047919,2709 E Franklin St,Richmond,VA,7,Shockoe Bottom,1,East-3
37.5249993996917,-77.4170214829633,225141-101000077444,2714 Willamar St,Richmond,VA,7,Shockoe Bottom,1,East-4
37.528806412529,-77.4186533008414,101000075069,27th St @ Franklin St,Richmond,VA,7,Shockoe Bottom,1,East-3
37.5261956150161,-77.4205608119805,278681-101000116837,2803 Dock St,Richmond,VA,7,Shockoe Bottom,1,East-3
37.5263986426716,-77.4188456012613,101000036799,2823 E Main St,Richmond,VA,7,Shockoe Bottom,1,East-3
37.5263986399253,-77.4188456013008,101000085764,2823 E Main St,Richmond,VA,7,Shockoe Bottom,1,East-3
37.5263986426716,-77.4188456012613,101000033934,2823 E Main St Apt 103,Richmond,VA,7,Shockoe Bottom,1,East-3
37.5263986426716,-77.4188456012613,101000011884,2823 E Main St Apt 223,Richmond,VA,7,Shockoe Bottom,1,East-3
37.5263986426716,-77.4188456012613,101000011885,2823 E Main St Apt 223,Richmond,VA,7,Shockoe Bottom,1,East-3
37.5263986426716,-77.4188456012613,101000046937,2823 E Main St Apt 231,Richmond,VA,7,Shockoe Bottom,1,East-3
37.5263986426716,-77.4188456012613,101000109498,2823 E Main St Apt 233,Richmond,VA,7,Shockoe Bottom,1,East-3
37.5264732001637,-77.4186883076313,248062-101000098648,2908 Fendall Ave,Richmond,VA,7,Shockoe Bottom,1,East-3
37.5181384316563,-77.41196107915,101000069295,300 Orleans St,Richmond,VA,7,Shockoe Bottom,1,East-4
37.524834348125,-77.418719533522,101000048535,3003 E Main St,Richmond,VA,7,Shockoe Bottom,1,East-3
37.5248047706733,-77.4183821417709,101000034962,3008 E Main St,Richmond,VA,7,Shockoe Bottom,1,East-4
37.5229982313211,-77.4179945246558,101000087510,3011 Water St,Richmond,VA,7,Shockoe Bottom,1,East-4
37.5247671634721,-77.419222673114,232467-101000083850,3011-3021 Dock St,Richmond,VA,7,Shockoe Bottom,1,East-3
37.5250592568177,-77.4191262949824,101000040312,3016 Dock St,Richmond,VA,7,Shockoe Bottom,1,East-3
37.5250592568177,-77.4191262949824,101000091083,3016 Dock St,Richmond,VA,7,Shockoe Bottom,1,East-3
37.524735402452,-77.4165392859196,101000065924,3017 Williamsburg Ave,Richmond,VA,7,Shockoe Bottom,1,East-4
37.5249993996917,-77.4170214829633,194864-101000053305,3017 Williamsburg Ave,Richmond,VA,7,Shockoe Bottom,1,East-4
37.5256181450516,-77.418439859769,238726-101000089898,3017 Williamsburg Ave,Richmond,VA,7,Shockoe Bottom,1,East-3
37.5181375952003,-77.4113504807731,101000042265,306 Orleans St,Richmond,VA,7,Shockoe Bottom,1,East-4
37.5249993996917,-77.4170214829633,203845-101000060687,3100 Williamsburg Ave,Richmond,VA,7,Shockoe Bottom,1,East-4
37.5209024806562,-77.4169882154187,101000089544,3101 Wharf St,Richmond,VA,7,Shockoe Bottom,1,East-4
37.5209024806562,-77.4169882154187,101000037921,3101 Wharf St,Richmond,VA,7,Shockoe Bottom,1,East-4
37.523086366476,-77.4176783790112,278116-101000116328,3156-3250 Wharf St,Richmond,VA,7,Shockoe Bottom,1,East-4
37.5237853991847,-77.4181441022318,194063-101000052893,3220 Meadowbridge Road,Richmond,VA,7,Shockoe Bottom,1,East-4
37.5238891759308,-77.4148671047794,101000108436,3301 Williamsburg Ave,Richmond,VA,7,Shockoe Bottom,1,East-4
37.5238891759308,-77.4148671047794,101000024003,3301 Williamsburg Ave,Richmond,VA,7,Shockoe Bottom,1,East-4
37.5222772011597,-77.4166979896336,265247-101000109233,3800 E Main St,Richmond,VA,7,Shockoe Bottom,1,East-4
37.5333048029252,-77.4274339432244,101000064160,4 1/2 N 18th St,Richmond,VA,7,Shockoe Bottom,1,East-3
37.533304800179,-77.4274339432636,101000064210,4 1/2 N 18th St,Richmond,VA,7,Shockoe Bottom,1,East-3
37.5327361996276,-77.4280625093688,217154-101000070911,4 S 18th St,Richmond,VA,7,Shockoe Bottom,1,East-3
37.5327361996276,-77.4280625093688,245618-101000096205,4 S 18th St,Richmond,VA,7,Shockoe Bottom,1,East-3
37.5209112194048,-77.4110354539665,101000064423,4300 Williamsburg Ave,Richmond,VA,7,Shockoe Bottom,1,East-4
37.5211099798875,-77.4157413023852,101000044024,4331 E Main St,Richmond,VA,7,Shockoe Bottom,1,East-4
37.5200464000104,-77.4159402618078,101000001307,4400 E Main St,Richmond,VA,7,Shockoe Bottom,1,East-4
37.5200841207329,-77.4112826763769,101000022060,4400 Williamsburg Ave,Richmond,VA,7,Shockoe Bottom,1,East-4
37.5200841234791,-77.4112826763371,101000091908,4400 Williamsburg Ave,Richmond,VA,7,Shockoe Bottom,1,East-4
37.5192665471714,-77.4156365750679,217488-101000071210,4400-4598 E Main St,Richmond,VA,7,Shockoe Bottom,1,East-4
37.5200667203891,-77.4156344490161,101000063000,4401 E Main St,Richmond,VA,7,Shockoe Bottom,1,East-4
37.5200667203891,-77.4156344490161,101000063113,4401 E Main St,Richmond,VA,7,Shockoe Bottom,1,East-4
37.5200667014371,-77.4106827162936,203846-101000060688,4425 Williamsburg Ave,Richmond,VA,7,Shockoe Bottom,1,East-4
37.5184180360133,-77.4150339235531,101000026730,4500 E Main St,Richmond,VA,7,Shockoe Bottom,1,East-4
37.5184180360133,-77.4150339235531,101000079089,4500 E Main St,Richmond,VA,7,Shockoe Bottom,1,East-4
37.5184180332671,-77.4150339235927,101000108972,4500 E Main St,Richmond,VA,7,Shockoe Bottom,1,East-4
37.5173492434697,-77.4113311714334,196625-101000054498,4800-4824 S 37th St,Richmond,VA,7,Shockoe Bottom,1,East-4
37.5274140023254,-77.4196358780538,101000024575,50 Pear St,Richmond,VA,7,Shockoe Bottom,1,East-3
37.5274140023254,-77.4196358780538,101000092578,50 Pear St,Richmond,VA,7,Shockoe Bottom,1,East-3
37.5274140023254,-77.4196358780538,101000105756,50 Pear St,Richmond,VA,7,Shockoe Bottom,1,East-3
37.5274140023254,-77.4196358780538,101000105757,50 Pear St,Richmond,VA,7,Shockoe Bottom,1,East-3
37.5274140023254,-77.4196358780538,101000105787,50 Pear St,Richmond,VA,7,Shockoe Bottom,1,East-3
37.5274140023254,-77.4196358780538,101000031088,50 Pear St,Richmond,VA,7,Shockoe Bottom,1,East-3
37.5326791004189,-77.4266158636767,101000004802,6 N 19th St,Richmond,VA,7,Shockoe Bottom,1,East-3
37.5336459639735,-77.42818135475,101000028056,7 N 17th St,Richmond,VA,7,Shockoe Bottom,1,East-3
37.5315120423013,-77.424469906167,101000024969,7 N 21st St,Richmond,VA,7,Shockoe Bottom,1,East-3
37.5315120423013,-77.424469906167,101000036996,7 N 21st St,Richmond,VA,7,Shockoe Bottom,1,East-3
37.5293393581187,-77.4208155752628,101000005167,7 N 25th St,Richmond,VA,7,Shockoe Bottom,1,East-3
37.5334671533637,-77.4273013613868,101000022303,8 N 18th St,Richmond,VA,7,Shockoe Bottom,1,East-3
37.5325561528077,-77.4281617485416,101000112725,8 S 18th St,Richmond,VA,7,Shockoe Bottom,1,East-3
37.5296181489864,-77.4204261419952,101000095813,9 N 25th St Unit 20,Richmond,VA,7,Shockoe Bottom,1,East-3
37.5190829393116,-77.4104809349169,101000034049,Admiral Gravely Blvd @ Williamsburg Ave,Richmond,VA,7,Shockoe Bottom,1,East-4
37.5360703722973,-77.4260584662316,101000023502,Broad St @ 17th St,Richmond,VA,7,Shockoe Bottom,1,East-3
37.5360703722973,-77.4260584662316,101000023502,Broad St @ 17th St,Richmond,VA,7,Shockoe Bottom,1,East-2
37.5360703722973,-77.4260584662316,249459-101000099505,Broad St @ 17th St,Richmond,VA,7,Shockoe Bottom,1,East-3
37.5360703722973,-77.4260584662316,249459-101000099505,Broad St @ 17th St,Richmond,VA,7,Shockoe Bottom,1,East-2
37.5360703722973,-77.4260584662316,101000106149,Broad St @ 17th St,Richmond,VA,7,Shockoe Bottom,1,East-3
37.5360703722973,-77.4260584662316,101000106149,Broad St @ 17th St,Richmond,VA,7,Shockoe Bottom,1,East-2
37.5360703722973,-77.4260584662316,101000106545,Broad St @ 17th St,Richmond,VA,7,Shockoe Bottom,1,East-3
37.5360703722973,-77.4260584662316,101000106545,Broad St @ 17th St,Richmond,VA,7,Shockoe Bottom,1,East-2
37.5360703722973,-77.4260584662316,101000106897,Broad St @ 17th St,Richmond,VA,7,Shockoe Bottom,1,East-3
37.5360703722973,-77.4260584662316,101000106897,Broad St @ 17th St,Richmond,VA,7,Shockoe Bottom,1,East-2
37.5360703722973,-77.4260584662316,101000117267,Broad St @ 17th St,Richmond,VA,7,Shockoe Bottom,1,East-3
37.5360703722973,-77.4260584662316,101000117267,Broad St @ 17th St,Richmond,VA,7,Shockoe Bottom,1,East-2
37.5355058899428,-77.425144334477,101000020409,Broad St @ 18th St,Richmond,VA,7,Shockoe Bottom,1,East-3
37.5355058899428,-77.425144334477,101000020409,Broad St @ 18th St,Richmond,VA,7,Shockoe Bottom,1,East-2
37.535505892689,-77.4251443344377,101000101394,Broad St @ 18th St,Richmond,VA,7,Shockoe Bottom,1,East-3
37.535505892689,-77.4251443344377,101000101394,Broad St @ 18th St,Richmond,VA,7,Shockoe Bottom,1,East-2
37.535505892689,-77.4251443344377,101000023130,Broad St @ 18th St,Richmond,VA,7,Shockoe Bottom,1,East-3
37.535505892689,-77.4251443344377,101000023130,Broad St @ 18th St,Richmond,VA,7,Shockoe Bottom,1,East-2
37.535505892689,-77.4251443344377,101000103849,Broad St @ 18th St,Richmond,VA,7,Shockoe Bottom,1,East-3
37.535505892689,-77.4251443344377,101000103849,Broad St @ 18th St,Richmond,VA,7,Shockoe Bottom,1,East-2
37.5349552565507,-77.4242416757318,234768-101000088762,Broad St @ 19th St,Richmond,VA,7,Shockoe Bottom,1,East-3
37.533850342595,-77.4224157562839,101000110522,Broad St @ 21st St,Richmond,VA,7,Shockoe Bottom,1,East-3
37.533850342595,-77.4224157562839,101000025412,Broad St @ 21st St,Richmond,VA,7,Shockoe Bottom,1,East-3
37.533850342595,-77.4224157562839,226729-101000078966,Broad St @ 21st St,Richmond,VA,7,Shockoe Bottom,1,East-3
37.537486902146,-77.4283723378732,101000090150,Broad St @ I-95,Richmond,VA,7,Shockoe Bottom,4,East-3
37.537486902146,-77.4283723378732,101000090150,Broad St @ I-95,Richmond,VA,7,Shockoe Bottom,4,East-2
37.537486902146,-77.4283723378732,101000042967,Broad St @ I-95,Richmond,VA,7,Shockoe Bottom,4,East-3
37.537486902146,-77.4283723378732,101000042967,Broad St @ I-95,Richmond,VA,7,Shockoe Bottom,4,East-2
37.537486902146,-77.4283723378732,101000043243,Broad St @ I-95,Richmond,VA,7,Shockoe Bottom,4,East-3
37.537486902146,-77.4283723378732,101000043243,Broad St @ I-95,Richmond,VA,7,Shockoe Bottom,4,East-2
37.5320692426761,-77.4284427018151,101000113282,Cary St @ 18th St,Richmond,VA,7,Shockoe Bottom,1,East-3
37.5304023075895,-77.4257001305591,101000062900,Cary St @ 21st St,Richmond,VA,7,Shockoe Bottom,1,East-3
37.5281875632729,-77.4221106704517,101000112897,Cary St @ 25th St,Richmond,VA,7,Shockoe Bottom,1,East-3
37.5317853797448,-77.4287244827664,101000037922,Dock St @ 18th St,Richmond,VA,7,Shockoe Bottom,1,East-3
37.5317853797448,-77.4287244827664,101000037923,Dock St @ 18th St,Richmond,VA,7,Shockoe Bottom,1,East-3
37.5317853797448,-77.4287244827664,101000037924,Dock St @ 18th St,Richmond,VA,7,Shockoe Bottom,1,East-3
37.5317853797448,-77.4287244827664,101000091520,Dock St @ 18th St,Richmond,VA,7,Shockoe Bottom,1,East-3
37.5300457998879,-77.4260638958792,239339-101000090735,Dock St @ 21st St,Richmond,VA,7,Shockoe Bottom,1,East-3
37.5236862675077,-77.4183331598989,101000037920,Dock St @ Ash St,Richmond,VA,7,Shockoe Bottom,1,East-3
37.5236862675077,-77.4183331598989,101000037920,Dock St @ Ash St,Richmond,VA,7,Shockoe Bottom,1,East-4
37.5236862675077,-77.4183331598989,101000095071,Dock St @ Ash St,Richmond,VA,7,Shockoe Bottom,1,East-3
37.5236862675077,-77.4183331598989,101000095071,Dock St @ Ash St,Richmond,VA,7,Shockoe Bottom,1,East-4
37.5236862675077,-77.4183331598989,101000040301,Dock St @ Ash St,Richmond,VA,7,Shockoe Bottom,1,East-3
37.5236862675077,-77.4183331598989,101000040301,Dock St @ Ash St,Richmond,VA,7,Shockoe Bottom,1,East-4
37.5236862675077,-77.4183331598989,101000095073,Dock St @ Ash St,Richmond,VA,7,Shockoe Bottom,1,East-3
37.5236862675077,-77.4183331598989,101000095073,Dock St @ Ash St,Richmond,VA,7,Shockoe Bottom,1,East-4
37.5236862675077,-77.4183331598989,101000040304,Dock St @ Ash St,Richmond,VA,7,Shockoe Bottom,1,East-3
37.5236862675077,-77.4183331598989,101000040304,Dock St @ Ash St,Richmond,VA,7,Shockoe Bottom,1,East-4
37.5236862675077,-77.4183331598989,101000040311,Dock St @ Ash St,Richmond,VA,7,Shockoe Bottom,1,East-3
37.5236862675077,-77.4183331598989,101000040311,Dock St @ Ash St,Richmond,VA,7,Shockoe Bottom,1,East-4
37.5236862675077,-77.4183331598989,101000095077,Dock St @ Ash St,Richmond,VA,7,Shockoe Bottom,1,East-3
37.5236862675077,-77.4183331598989,101000095077,Dock St @ Ash St,Richmond,VA,7,Shockoe Bottom,1,East-4
37.5236862675077,-77.4183331598989,101000040314,Dock St @ Ash St,Richmond,VA,7,Shockoe Bottom,1,East-3
37.5236862675077,-77.4183331598989,101000040314,Dock St @ Ash St,Richmond,VA,7,Shockoe Bottom,1,East-4
37.5236862675077,-77.4183331598989,101000089553,Dock St @ Ash St,Richmond,VA,7,Shockoe Bottom,1,East-3
37.5236862675077,-77.4183331598989,101000089553,Dock St @ Ash St,Richmond,VA,7,Shockoe Bottom,1,East-4
37.5236862675077,-77.4183331598989,101000040316,Dock St @ Ash St,Richmond,VA,7,Shockoe Bottom,1,East-3
37.5236862675077,-77.4183331598989,101000040316,Dock St @ Ash St,Richmond,VA,7,Shockoe Bottom,1,East-4
37.5236862675077,-77.4183331598989,101000091086,Dock St @ Ash St,Richmond,VA,7,Shockoe Bottom,1,East-3
37.5236862675077,-77.4183331598989,101000091086,Dock St @ Ash St,Richmond,VA,7,Shockoe Bottom,1,East-4
37.5236862675077,-77.4183331598989,101000040317,Dock St @ Ash St,Richmond,VA,7,Shockoe Bottom,1,East-3
37.5236862675077,-77.4183331598989,101000040317,Dock St @ Ash St,Richmond,VA,7,Shockoe Bottom,1,East-4
37.5236862675077,-77.4183331598989,101000095079,Dock St @ Ash St,Richmond,VA,7,Shockoe Bottom,1,East-3
37.5236862675077,-77.4183331598989,101000095079,Dock St @ Ash St,Richmond,VA,7,Shockoe Bottom,1,East-4
37.5236862675077,-77.4183331598989,101000041885,Dock St @ Ash St,Richmond,VA,7,Shockoe Bottom,1,East-3
37.5236862675077,-77.4183331598989,101000041885,Dock St @ Ash St,Richmond,VA,7,Shockoe Bottom,1,East-4
37.5236862675077,-77.4183331598989,101000090893,Dock St @ Ash St,Richmond,VA,7,Shockoe Bottom,1,East-3
37.5236862675077,-77.4183331598989,101000090893,Dock St @ Ash St,Richmond,VA,7,Shockoe Bottom,1,East-4
37.5263339231619,-77.4204511957144,101000040308,Dock St @ Pear St,Richmond,VA,7,Shockoe Bottom,1,East-3
37.5263339231619,-77.4204511957144,101000072222,Dock St @ Pear St,Richmond,VA,7,Shockoe Bottom,1,East-3
37.5263339231619,-77.4204511957144,101000089601,Dock St @ Pear St,Richmond,VA,7,Shockoe Bottom,1,East-3
37.5343128251087,-77.4276904764481,241001-101000092299,Franklin St @ 17th St,Richmond,VA,7,Shockoe Bottom,1,East-3
37.5344590576795,-77.4279391299505,101000009103,Franklin St @ 17th St,Richmond,VA,7,Shockoe Bottom,1,East-3
37.532116599485,-77.4240822624203,101000072214,Franklin St @ 21st St,Richmond,VA,7,Shockoe Bottom,1,East-3
37.5293566041764,-77.4195631975971,101000042277,Franklin St @ 26th St,Richmond,VA,7,Shockoe Bottom,1,East-3
37.5293566041764,-77.4195631975971,101000065575,Franklin St @ 26th St,Richmond,VA,7,Shockoe Bottom,1,East-3
37.5351836676556,-77.4268665407369,101000023704,Grace St @ 17th St,Richmond,VA,7,Shockoe Bottom,1,East-3
37.5346393173145,-77.4259741305732,101000060935,Grace St @ 18th St,Richmond,VA,7,Shockoe Bottom,1,East-3
37.5340824771306,-77.425068116051,101000041329,Grace St @ 19th St,Richmond,VA,7,Shockoe Bottom,1,East-3
37.5334391574186,-77.4285090874388,101000045107,Main St @ 17th St,Richmond,VA,7,Shockoe Bottom,1,East-3
37.5335931300271,-77.4287615955832,101000008882,Main St @ 17th St,Richmond,VA,7,Shockoe Bottom,1,East-3
37.5329075841465,-77.4276405427559,101000109725,Main St @ 18th St,Richmond,VA,7,Shockoe Bottom,1,East-3
37.5329075841465,-77.4276405427559,101000113286,Main St @ 18th St,Richmond,VA,7,Shockoe Bottom,1,East-3
37.5317994115241,-77.4258284657466,101000070827,Main St @ 20th St,Richmond,VA,7,Shockoe Bottom,1,East-3
37.5317994115241,-77.4258284657466,101000070828,Main St @ 20th St,Richmond,VA,7,Shockoe Bottom,1,East-3
37.5317994115241,-77.4258284657466,101000115427,Main St @ 20th St,Richmond,VA,7,Shockoe Bottom,1,East-3
37.5312504247738,-77.4249173044421,101000076355,Main St @ 21st St,Richmond,VA,7,Shockoe Bottom,1,East-3
37.5312504247738,-77.4249173044421,101000112940,Main St @ 21st St,Richmond,VA,7,Shockoe Bottom,1,East-3
37.5312504247738,-77.4249173044421,101000114012,Main St @ 21st St,Richmond,VA,7,Shockoe Bottom,1,East-3
37.5312504247738,-77.4249173044421,101000115324,Main St @ 21st St,Richmond,VA,7,Shockoe Bottom,1,East-3
37.5312504247738,-77.4249173044421,101000115428,Main St @ 21st St,Richmond,VA,7,Shockoe Bottom,1,East-3
37.5312504247738,-77.4249173044421,101000115721,Main St @ 21st St,Richmond,VA,7,Shockoe Bottom,1,East-3
37.5312504247738,-77.4249173044421,101000117849,Main St @ 21st St,Richmond,VA,7,Shockoe Bottom,1,East-3
37.5312504247738,-77.4249173044421,101000120022,Main St @ 21st St,Richmond,VA,7,Shockoe Bottom,1,East-3
37.5312588004407,-77.4249241167829,273114-101000113758,Main St @ 21st St,Richmond,VA,7,Shockoe Bottom,1,East-3
37.5306967088615,-77.4240163634694,101000115429,Main St @ 22nd St,Richmond,VA,7,Shockoe Bottom,1,East-3
37.5290356099852,-77.421284615195,220541-101000073394,Main St @ 25th St,Richmond,VA,7,Shockoe Bottom,1,East-3
37.5290356099852,-77.421284615195,101000106100,Main St @ 25th St,Richmond,VA,7,Shockoe Bottom,1,East-3
37.5177344583728,-77.4141073598662,101000111513,Main St @ Orleans St,Richmond,VA,7,Shockoe Bottom,1,East-4
37.5177344583728,-77.4141073598662,101000116551,Main St @ Orleans St,Richmond,VA,7,Shockoe Bottom,1,East-4
37.5257024426547,-77.4184750294301,101000024109,Main St @ Williamsburg Ave,Richmond,VA,7,Shockoe Bottom,1,East-3
37.5257024426547,-77.4184750294301,101000056605,Main St @ Williamsburg Ave,Richmond,VA,7,Shockoe Bottom,1,East-3
37.5257024426547,-77.4184750294301,101000083264,Main St @ Williamsburg Ave,Richmond,VA,7,Shockoe Bottom,1,East-3
37.5257024426547,-77.4184750294301,101000090123,Main St @ Williamsburg Ave,Richmond,VA,7,Shockoe Bottom,1,East-3
37.5257024426547,-77.4184750294301,239608-101000090885,Main St @ Williamsburg Ave,Richmond,VA,7,Shockoe Bottom,1,East-3
37.5257024426547,-77.4184750294301,101000091766,Main St @ Williamsburg Ave,Richmond,VA,7,Shockoe Bottom,1,East-3
37.5257024426547,-77.4184750294301,101000093089,Main St @ Williamsburg Ave,Richmond,VA,7,Shockoe Bottom,1,East-3
37.5257024426547,-77.4184750294301,101000093946,Main St @ Williamsburg Ave,Richmond,VA,7,Shockoe Bottom,1,East-3
37.5257024426547,-77.4184750294301,101000105851,Main St @ Williamsburg Ave,Richmond,VA,7,Shockoe Bottom,1,East-3
37.5257024426547,-77.4184750294301,101000113958,Main St @ Williamsburg Ave,Richmond,VA,7,Shockoe Bottom,1,East-3
37.5203618563731,-77.4158607126946,101000031845,Nicholson St @ Main St,Richmond,VA,7,Shockoe Bottom,1,East-4
37.5203618563731,-77.4158607126946,101000036089,Nicholson St @ Main St,Richmond,VA,7,Shockoe Bottom,1,East-4
37.5177556449556,-77.4157431210279,101000034211,Old Main St @ Orleans St,Richmond,VA,7,Shockoe Bottom,1,East-4
37.5177344583728,-77.4141073598662,101000003283,Orleans St @ Main St,Richmond,VA,7,Shockoe Bottom,1,East-4
37.5177344583728,-77.4141073598662,101000003414,Orleans St @ Main St,Richmond,VA,7,Shockoe Bottom,1,East-4
37.5177344583728,-77.4141073598662,101000056200,Orleans St @ Main St,Richmond,VA,7,Shockoe Bottom,1,East-4
37.5177195623768,-77.4101790765383,101000060765,Orleans St @ Williamsburg Ave,Richmond,VA,7,Shockoe Bottom,1,East-4
37.5266036999206,-77.4200362830085,249785-101000099965,Pear St,Richmond,VA,7,Shockoe Bottom,1,East-3
37.5263339231619,-77.4204511957144,101000066630,Pear St @ Dock St,Richmond,VA,7,Shockoe Bottom,1,East-3
37.5263339231619,-77.4204511957144,242804-101000093854,Pear St @ Dock St,Richmond,VA,7,Shockoe Bottom,1,East-3
37.5263339231619,-77.4204511957144,101000099564,Pear St @ Dock St,Richmond,VA,7,Shockoe Bottom,1,East-3
37.5263339231619,-77.4204511957144,101000103656,Pear St @ Dock St,Richmond,VA,7,Shockoe Bottom,1,East-3
37.5272847831064,-77.4188944507321,101000099848,Pear St @ Main St,Richmond,VA,7,Shockoe Bottom,1,East-3
37.5220439989388,-77.4115072716239,101000029435,Stoney Run Road @ Williamsburg Ave,Richmond,VA,7,Shockoe Bottom,1,East-4
37.524861931864,-77.4164521460431,101000109960,Williamsburg Ave @ 31st St,Richmond,VA,7,Shockoe Bottom,1,East-3
37.5190829393116,-77.4104809349169,101000055763,Williamsburg Ave @ Admiral Gravely Blvd,Richmond,VA,7,Shockoe Bottom,1,East-4
37.5190829393116,-77.4104809349169,101000113977,Williamsburg Ave @ Admiral Gravely Blvd,Richmond,VA,7,Shockoe Bottom,1,East-4
37.5257024426547,-77.4184750294301,101000101857,Williamsburg Ave @ Main St,Richmond,VA,7,Shockoe Bottom,1,East-3
37.5257024426547,-77.4184750294301,101000035763,Williamsburg Ave @ Main St,Richmond,VA,7,Shockoe Bottom,1,East-3
37.5257024426547,-77.4184750294301,101000090571,Williamsburg Ave @ Main St,Richmond,VA,7,Shockoe Bottom,1,East-3
37.5257024426547,-77.4184750294301,101000090615,Williamsburg Ave @ Main St,Richmond,VA,7,Shockoe Bottom,1,East-3
37.5257024426547,-77.4184750294301,101000093570,Williamsburg Ave @ Main St,Richmond,VA,7,Shockoe Bottom,1,East-3
37.5257024426547,-77.4184750294301,101000105709,Williamsburg Ave @ Main St,Richmond,VA,7,Shockoe Bottom,1,East-3
37.5257024426547,-77.4184750294301,101000108020,Williamsburg Ave @ Main St,Richmond,VA,7,Shockoe Bottom,1,East-3
37.5206042709948,-77.410765446812,101000093943,Williamsburg Ave @ Nicholson St,Richmond,VA,7,Shockoe Bottom,1,East-4
37.5206042709948,-77.410765446812,101000093945,Williamsburg Ave @ Nicholson St,Richmond,VA,7,Shockoe Bottom,1,East-4
37.5206082578383,-77.4106873188216,101000079700,Williamsburg Ave @ Nicholson St,Richmond,VA,7,Shockoe Bottom,1,East-4
37.5177195623768,-77.4101790765383,101000098058,Williamsburg Ave @ Orleans St,Richmond,VA,7,Shockoe Bottom,1,East-4
37.5177195623768,-77.4101790765383,101000030748,Williamsburg Ave @ Orleans St,Richmond,VA,7,Shockoe Bottom,1,East-4
37.5220035120455,-77.411559963013,101000096324,Williamsburg Ave @ Stony Run Road,Richmond,VA,7,Shockoe Bottom,1,East-4
37.5255740277854,-77.4184321489144,242250-101000093343,Williamsburg Road,Richmond,VA,7,Shockoe Bottom,1,East-4
37.5255925269137,-77.4199093135618,242325-101000093349,,Richmond,VA,7,Shockoe Bottom,1,East-3
37.526098800967,-77.4203156630254,194480-101000052969,,Richmond,VA,7,Shockoe Bottom,1,East-3
37.5262092844085,-77.4207610474605,227038-101000080268,,Richmond,VA,7,Shockoe Bottom,1,East-3
37.5265965610638,-77.4211699411658,211537-101000066571,,Richmond,VA,7,Shockoe Bottom,1,East-3
37.5315038069657,-77.4284306891838,211539-101000066572,,Richmond,VA,7,Shockoe Bottom,1,East-3
37.5203618563731,-77.4158607126946,101000121216,Main St @ Nicholson St,Richmond,VA,7,Shockoe Bottom,1,East-4
37.5177556449556,-77.4157431210279,101000123597,Old Main St @ Orleans St,Richmond,VA,7,Shockoe Bottom,1,East-4
37.5215344972587,-77.4167781751696,285530-101000122692,3101 Wharf St,Richmond,VA,7,Shockoe Bottom,1,East-4
37.5215584313518,-77.4167121043653,285528-101000122691,3101 E Main St,Richmond,VA,7,Shockoe Bottom,1,East-4
37.5312942992414,-77.426692817114,285482-101000122683,10 S 20th St,Richmond,VA,7,Shockoe Bottom,1,East-3
37.532031961468,-77.4281575306001,101000122306,1810 E Cary St Apt 244,Richmond,VA,7,Shockoe Bottom,1,East-3
37.5331087590082,-77.4282545429795,101000123063,1713 E Main St,Richmond,VA,7,Shockoe Bottom,1,East-3
37.5336151864286,-77.4271676382184,101000123967,14 N 18th St,Richmond,VA,7,Shockoe Bottom,1,East-3
37.533850342595,-77.4224157562839,101000121696,21st St @ Broad St,Richmond,VA,7,Shockoe Bottom,1,East-3
37.5343932723456,-77.4258793850217,286866-101000124052,127 N 18th St,Richmond,VA,7,Shockoe Bottom,1,East-3
37.5345333386495,-77.4238164893297,101000124962,1919 E Broad St Unit A,Richmond,VA,7,Shockoe Bottom,1,East-3
37.534599997315,-77.4243281206966,101000120838,215 N 19th St,Richmond,VA,7,Shockoe Bottom,1,East-3
37.524861931864,-77.4164521460431,101000125002,31st St @ Williamsburg Ave,Richmond,VA,7,Shockoe Bottom,1,East-3
37.5257024426547,-77.4184750294301,101000125001,Main St @ Williamsburg Ave,Richmond,VA,7,Shockoe Bottom,1,East-3
37.5276529783007,-77.4193899003067,101000122577,2701 E Main St Apt 101,Richmond,VA,7,Shockoe Bottom,1,East-3
37.528653779352,-77.4226651579723,101000123133,2400 E Cary St Apt 106,Richmond,VA,7,Shockoe Bottom,1,East-3
37.5290356099852,-77.421284615195,101000121554,25th St @ Main St,Richmond,VA,7,Shockoe Bottom,1,East-3
37.5291530218284,-77.4234598998585,101000120553,2300 E Cary St Apt 629,Richmond,VA,7,Shockoe Bottom,1,East-3
37.5291530218284,-77.4234598998585,101000124313,2300 E Cary St Apt 201,Richmond,VA,7,Shockoe Bottom,1,East-3
37.529758555672,-77.4244833350832,101000121591,2200 E Cary St Apt 131,Richmond,VA,7,Shockoe Bottom,1,East-3
37.5299077061006,-77.4204616446335,101000122080,25th St @ Franklin St,Richmond,VA,7,Shockoe Bottom,1,East-3
37.5324026903899,-77.4280724036488,287150-101000124090,11 S 18th St,Richmond,VA,7,Shockoe Bottom,1,East-3
37.5324911007063,-77.4290023033011,284579-101000122011,1716 E Cary Street,Richmond,VA,7,Shockoe Bottom,1,East-3
37.5329702299225,-77.4249977975635,101000122131,1914 E Franklin St,Richmond,VA,7,Shockoe Bottom,1,East-3
37.5347118255858,-77.4242614039318,101000121387,219 N 19th St Unit 22,Richmond,VA,7,Shockoe Bottom,1,East-3
37.5356298005636,-77.4275744973001,285513-101000122685,1601 E Grace St,Richmond,VA,7,Shockoe Bottom,1,East-3
