<metadata xml:lang="en"><Esri><CreaDate>20180408</CreaDate><CreaTime>08400200</CreaTime><ArcGISFormat>1.0</ArcGISFormat><ArcGISstyle>FGDC CSDGM Metadata</ArcGISstyle><SyncOnce>FALSE</SyncOnce><DataProperties><lineage><Process ToolSource="C:\Program Files\ArcGIS\Desktop10.0\ArcToolbox\Toolboxes\Data Management Tools.tbx\CalculateField" Date="20140422" Time="155815" Name="" export="">CalculateField Trails TrailID [ID] VB #</Process><Process ToolSource="C:\Program Files\ArcGIS\Desktop10.0\ArcToolbox\Toolboxes\Data Management Tools.tbx\CalculateField" Date="20140422" Time="155829" Name="" export="">CalculateField Trails Use [Type] VB #</Process><Process ToolSource="C:\Program Files\ArcGIS\Desktop10.0\ArcToolbox\Toolboxes\Data Management Tools.tbx\CalculateField" Date="20140422" Time="160159" Name="" export="">CalculateField Trails Type [SurfaceType] VB #</Process><Process ToolSource="c:\program files\arcgis\desktop10.0\ArcToolbox\Toolboxes\Data Management Tools.tbx\CopyFeatures" Date="20140425" Time="154302">CopyFeatures Q:\Swap\TrailsAndMarkers\Stateplane\Final.mdb\sust_Trail "Database Connections\gis-gdb-dv_vector_ric_dc.sde\vector.ric.Sustainability\vector.RIC.sust_Trail" # 0 0 0</Process><Process ToolSource="C:\Program Files\ArcGIS\Desktop10.0\ArcToolbox\Toolboxes\Data Management Tools.tbx\CalculateField" Date="20140425" Time="162442">CalculateField vector.RIC.sust_Trail EditBy waldrosr VB #</Process><Process ToolSource="c:\program files (x86)\arcgis\desktop10.5\ArcToolbox\Toolboxes\Data Management Tools.tbx\CalculateField" Date="20180219" Time="162634">CalculateField rec_Trail EditBy "waldrosr" VB #</Process><Process ToolSource="c:\program files (x86)\arcgis\desktop10.5\ArcToolbox\Toolboxes\Data Management Tools.tbx\CalculateField" Date="20180219" Time="162659">CalculateField rec_Trail EditDate #4/25/2014# VB #</Process><Process ToolSource="c:\program files (x86)\arcgis\desktop10.5\ArcToolbox\Toolboxes\Data Management Tools.tbx\CalculateField" Date="20180219" Time="162716">CalculateField rec_Trail CreatedBy [EditBy] VB #</Process><Process ToolSource="c:\program files (x86)\arcgis\desktop10.5\ArcToolbox\Toolboxes\Data Management Tools.tbx\CalculateField" Date="20180219" Time="162732">CalculateField rec_Trail CreatedDate [EditDate] VB #</Process><Process ToolSource="c:\program files (x86)\arcgis\desktop10.5\ArcToolbox\Toolboxes\Conversion Tools.tbx\FeatureClassToFeatureClass" Date="20180219" Time="194107">FeatureClassToFeatureClass C:\junk\LandmarksWork\ProcessGDB.mdb\ParksRecreationFacilities\rec_Trail C:\junk\LandmarksWork\ProcessFINAL.mdb\ParksRecreationFacilities rec_Trail # "TrailID "TrailID" true true false 16 Text 0 0 ,First,#,C:\junk\LandmarksWork\ProcessGDB.mdb\ParksRecreationFacilities\rec_Trail,TrailID,-1,-1;Name "Name" true true false 50 Text 0 0 ,First,#,C:\junk\LandmarksWork\ProcessGDB.mdb\ParksRecreationFacilities\rec_Trail,Name,-1,-1;AlternateName "AlternateName" true true false 50 Text 0 0 ,First,#,C:\junk\LandmarksWork\ProcessGDB.mdb\ParksRecreationFacilities\rec_Trail,AlternateName,-1,-1;Use_ "Use" true true false 16 Text 0 0 ,First,#,C:\junk\LandmarksWork\ProcessGDB.mdb\ParksRecreationFacilities\rec_Trail,Use_,-1,-1;Type "Type" true true false 16 Text 0 0 ,First,#,C:\junk\LandmarksWork\ProcessGDB.mdb\ParksRecreationFacilities\rec_Trail,Type,-1,-1;Notes "Notes" true true false 100 Text 0 0 ,First,#,C:\junk\LandmarksWork\ProcessGDB.mdb\ParksRecreationFacilities\rec_Trail,Notes,-1,-1;CreatedBy "CreatedBy" true true false 30 Text 0 0 ,First,#,C:\junk\LandmarksWork\ProcessGDB.mdb\ParksRecreationFacilities\rec_Trail,CreatedBy,-1,-1;CreatedDate "CreatedDate" true true false 8 Date 0 0 ,First,#,C:\junk\LandmarksWork\ProcessGDB.mdb\ParksRecreationFacilities\rec_Trail,CreatedDate,-1,-1;EditBy "EditBy" true true false 15 Text 0 0 ,First,#,C:\junk\LandmarksWork\ProcessGDB.mdb\ParksRecreationFacilities\rec_Trail,EditBy,-1,-1;EditDate "EditDate" true true false 8 Date 0 0 ,First,#,C:\junk\LandmarksWork\ProcessGDB.mdb\ParksRecreationFacilities\rec_Trail,EditDate,-1,-1" #</Process></lineage><itemProps><itemName Sync="TRUE">rec_Trail</itemName><imsContentType Sync="TRUE">002</imsContentType><nativeExtBox><westBL Sync="TRUE">11776860.187567</westBL><eastBL Sync="TRUE">11787872.849267</eastBL><southBL Sync="TRUE">3713047.119233</southBL><northBL Sync="TRUE">3721661.781133</northBL><exTypeCode Sync="TRUE">1</exTypeCode></nativeExtBox><itemLocation><linkage Sync="TRUE">file://\\DIT010GWZ07971\C$\FTP\ParksRecreationFacilities\rec_Trail.shp</linkage><protocol Sync="TRUE">Local Area Network</protocol></itemLocation><itemSize Sync="TRUE">0.000</itemSize></itemProps><coordRef><type Sync="TRUE">Projected</type><geogcsn Sync="TRUE">GCS_North_American_1983</geogcsn><csUnits Sync="TRUE">Linear Unit: Foot_US (0.304801)</csUnits><projcsn Sync="TRUE">NAD_1983_StatePlane_Virginia_South_FIPS_4502_Feet</projcsn><peXml Sync="TRUE">&lt;ProjectedCoordinateSystem xsi:type='typens:ProjectedCoordinateSystem' xmlns:xsi='http://www.w3.org/2001/XMLSchema-instance' xmlns:xs='http://www.w3.org/2001/XMLSchema' xmlns:typens='http://www.esri.com/schemas/ArcGIS/10.5'&gt;&lt;WKT&gt;PROJCS[&amp;quot;NAD_1983_StatePlane_Virginia_South_FIPS_4502_Feet&amp;quot;,GEOGCS[&amp;quot;GCS_North_American_1983&amp;quot;,DATUM[&amp;quot;D_North_American_1983&amp;quot;,SPHEROID[&amp;quot;GRS_1980&amp;quot;,6378137.0,298.257222101]],PRIMEM[&amp;quot;Greenwich&amp;quot;,0.0],UNIT[&amp;quot;Degree&amp;quot;,0.0174532925199433]],PROJECTION[&amp;quot;Lambert_Conformal_Conic&amp;quot;],PARAMETER[&amp;quot;False_Easting&amp;quot;,11482916.66666666],PARAMETER[&amp;quot;False_Northing&amp;quot;,3280833.333333333],PARAMETER[&amp;quot;Central_Meridian&amp;quot;,-78.5],PARAMETER[&amp;quot;Standard_Parallel_1&amp;quot;,36.76666666666667],PARAMETER[&amp;quot;Standard_Parallel_2&amp;quot;,37.96666666666667],PARAMETER[&amp;quot;Latitude_Of_Origin&amp;quot;,36.33333333333334],UNIT[&amp;quot;Foot_US&amp;quot;,0.3048006096012192],AUTHORITY[&amp;quot;EPSG&amp;quot;,2284]]&lt;/WKT&gt;&lt;XOrigin&gt;-111140600&lt;/XOrigin&gt;&lt;YOrigin&gt;-91532100&lt;/YOrigin&gt;&lt;XYScale&gt;36727036.750856541&lt;/XYScale&gt;&lt;ZOrigin&gt;-100000&lt;/ZOrigin&gt;&lt;ZScale&gt;10000&lt;/ZScale&gt;&lt;MOrigin&gt;-100000&lt;/MOrigin&gt;&lt;MScale&gt;10000&lt;/MScale&gt;&lt;XYTolerance&gt;0.0032808333333333331&lt;/XYTolerance&gt;&lt;ZTolerance&gt;0.001&lt;/ZTolerance&gt;&lt;MTolerance&gt;0.001&lt;/MTolerance&gt;&lt;HighPrecision&gt;true&lt;/HighPrecision&gt;&lt;WKID&gt;102747&lt;/WKID&gt;&lt;LatestWKID&gt;2284&lt;/LatestWKID&gt;&lt;/ProjectedCoordinateSystem&gt;</peXml></coordRef></DataProperties><SyncDate>20180710</SyncDate><SyncTime>20403400</SyncTime><ModDate>20180710</ModDate><ModTime>20403400</ModTime><ArcGISProfile>FGDC</ArcGISProfile></Esri><dataIdInfo><envirDesc Sync="TRUE"> Version 6.2 (Build 9200) ; Esri ArcGIS 10.5.1.7333</envirDesc><dataLang><languageCode value="eng" Sync="TRUE"/><countryCode value="USA" Sync="TRUE"/></dataLang><idCitation><resTitle Sync="TRUE">rec_Trail</resTitle><presForm><PresFormCd value="005" Sync="TRUE"/></presForm></idCitation><spatRpType><SpatRepTypCd value="001" Sync="TRUE"/></spatRpType><dataExt xmlns=""><geoEle><GeoBndBox esriExtentType="search"><exTypeCode Sync="TRUE">1</exTypeCode><westBL Sync="TRUE">-77.486494</westBL><eastBL Sync="TRUE">-77.448195</eastBL><northBL Sync="TRUE">37.539758</northBL><southBL Sync="TRUE">37.515770</southBL></GeoBndBox></geoEle></dataExt><idPurp>Shows the path of trails that are used for biking and hiking in the City of Richmond James River Park system.</idPurp><idAbs>&lt;DIV STYLE="text-align:Left;"&gt;&lt;DIV&gt;&lt;DIV&gt;&lt;P&gt;&lt;SPAN&gt;The system of trails that are used for biking and hiking were initially captured using GPS techniques by the Bicycle, Pedestrian and Trails Coordinator, Department of Parks &amp;amp; Recreation, along with friends of the mountain biking community. Trails were captured by physically riding a bike along these pathways. Inaccuracies of GPS data resulting from riding under tree canopies and from use of less-than-survey-accurate GPS devices were 'corrected' by City GIS staff (geographic information systems) by adjusting the trails to overlay identifiable features from the City's orthophotography. For example, the dirt of worn single-track pathways could be seen in less dense foliage and field areas. In many cases there was no way to see through the more densely forested areas, so the original GPS'ed information was not interpreted to match the orthophotography. It is believed that all trails and waypoints data meet the map accuracy standards required of the Department of Parks and Recreation.All final decisions about the mapped locations and attribution of Waypoints and Trails were under the purview of the City's trails superintendant.&lt;/SPAN&gt;&lt;/P&gt;&lt;/DIV&gt;&lt;/DIV&gt;&lt;/DIV&gt;</idAbs><idCredit>Jake Helmboldt, Nathan Burrell, Michael Burton, Steve Waldron, Zbigniew Brodzik.</idCredit><searchKeys><keyword>Trails</keyword><keyword>Biking</keyword><keyword>Hiking</keyword></searchKeys><dataChar><CharSetCd value="004"/></dataChar><idPoC xmlns=""><rpIndName>Nathan Burrell</rpIndName><rpOrgName>Department of Parks &amp; Recreation</rpOrgName><rpPosName>Trails Superintendant</rpPosName><role><RoleCd value="003"/></role><rpCntInfo xmlns=""><cntAddress addressType=""><eMailAdd>nathan.burrell@richmondgov.com</eMailAdd></cntAddress></rpCntInfo></idPoC><idPoC xmlns=""><rpIndName>Jake Helmboldt</rpIndName><rpOrgName>Chief Administrative Office</rpOrgName><rpPosName>Bicycle, Pedestrian and Trails Coordinator</rpPosName><role><RoleCd value="002"/></role><rpCntInfo xmlns=""><cntAddress addressType=""><eMailAdd>jakob.helmboldt@richmondgov.com</eMailAdd></cntAddress></rpCntInfo></idPoC><resMaint xmlns=""><maintFreq><MaintFreqCd value="009"/></maintFreq></resMaint></dataIdInfo><mdLang><languageCode value="eng" Sync="TRUE"/><countryCode value="USA" Sync="TRUE"/></mdLang><mdChar><CharSetCd value="004" Sync="TRUE"/></mdChar><distInfo><distFormat><formatName Sync="TRUE">Shapefile</formatName></distFormat><distTranOps><transSize Sync="TRUE">0.000</transSize></distTranOps></distInfo><mdHrLv><ScopeCd value="005" Sync="TRUE"/></mdHrLv><mdHrLvName Sync="TRUE">dataset</mdHrLvName><refSysInfo><RefSystem><refSysID><identCode code="2284" Sync="TRUE" value="2284"/><idCodeSpace Sync="TRUE">EPSG</idCodeSpace><idVersion Sync="TRUE">5.3(9.0.0)</idVersion></refSysID></RefSystem></refSysInfo><spatRepInfo><VectSpatRep><geometObjs Name="rec_Trail"><geoObjTyp><GeoObjTypCd value="002" Sync="TRUE"></GeoObjTypCd></geoObjTyp><geoObjCnt Sync="TRUE">0</geoObjCnt></geometObjs><topLvl><TopoLevCd value="001" Sync="TRUE"></TopoLevCd></topLvl></VectSpatRep></spatRepInfo><spdoinfo><ptvctinf><esriterm Name="rec_Trail"><efeatyp Sync="TRUE">Simple</efeatyp><efeageom code="3" Sync="TRUE"></efeageom><esritopo Sync="TRUE">FALSE</esritopo><efeacnt Sync="TRUE">0</efeacnt><spindex Sync="TRUE">FALSE</spindex><linrefer Sync="TRUE">FALSE</linrefer></esriterm></ptvctinf></spdoinfo><eainfo><detailed Name="rec_Trail"><enttyp><enttypl Sync="TRUE">rec_Trail</enttypl><enttypt Sync="TRUE">Feature Class</enttypt><enttypc Sync="TRUE">0</enttypc></enttyp><attr><attrlabl Sync="TRUE">FID</attrlabl><attalias Sync="TRUE">FID</attalias><attrtype Sync="TRUE">OID</attrtype><attwidth Sync="TRUE">4</attwidth><atprecis Sync="TRUE">0</atprecis><attscale Sync="TRUE">0</attscale><attrdef Sync="TRUE">Internal feature number.</attrdef><attrdefs Sync="TRUE">Esri</attrdefs><attrdomv><udom Sync="TRUE">Sequential unique whole numbers that are automatically generated.</udom></attrdomv></attr><attr><attrlabl Sync="TRUE">TrailID</attrlabl><attalias Sync="TRUE">TrailID</attalias><attrtype Sync="TRUE">String</attrtype><attwidth Sync="TRUE">16</attwidth><atprecis Sync="TRUE">0</atprecis><attscale Sync="TRUE">0</attscale></attr><attr><attrlabl Sync="TRUE">Name</attrlabl><attalias Sync="TRUE">Name</attalias><attrtype Sync="TRUE">String</attrtype><attwidth Sync="TRUE">50</attwidth><atprecis Sync="TRUE">0</atprecis><attscale Sync="TRUE">0</attscale></attr><attr><attrlabl Sync="TRUE">Use_</attrlabl><attalias Sync="TRUE">Use_</attalias><attrtype Sync="TRUE">String</attrtype><attwidth Sync="TRUE">16</attwidth><atprecis Sync="TRUE">0</atprecis><attscale Sync="TRUE">0</attscale></attr><attr><attrlabl Sync="TRUE">AlternateN</attrlabl><attalias Sync="TRUE">AlternateN</attalias><attrtype Sync="TRUE">String</attrtype><attwidth Sync="TRUE">50</attwidth><atprecis Sync="TRUE">0</atprecis><attscale Sync="TRUE">0</attscale></attr><attr><attrlabl Sync="TRUE">Type</attrlabl><attalias Sync="TRUE">Type</attalias><attrtype Sync="TRUE">String</attrtype><attwidth Sync="TRUE">16</attwidth><atprecis Sync="TRUE">0</atprecis><attscale Sync="TRUE">0</attscale></attr><attr><attrlabl Sync="TRUE">Notes</attrlabl><attalias Sync="TRUE">Notes</attalias><attrtype Sync="TRUE">String</attrtype><attwidth Sync="TRUE">100</attwidth><atprecis Sync="TRUE">0</atprecis><attscale Sync="TRUE">0</attscale></attr><attr><attrlabl Sync="TRUE">EditBy</attrlabl><attalias Sync="TRUE">EditBy</attalias><attrtype Sync="TRUE">String</attrtype><attwidth Sync="TRUE">15</attwidth><atprecis Sync="TRUE">0</atprecis><attscale Sync="TRUE">0</attscale></attr><attr><attrlabl Sync="TRUE">CreatedBy</attrlabl><attalias Sync="TRUE">CreatedBy</attalias><attrtype Sync="TRUE">String</attrtype><attwidth Sync="TRUE">30</attwidth><atprecis Sync="TRUE">0</atprecis><attscale Sync="TRUE">0</attscale></attr><attr><attrlabl Sync="TRUE">CreatedDat</attrlabl><attalias Sync="TRUE">CreatedDat</attalias><attrtype Sync="TRUE">Date</attrtype><attwidth Sync="TRUE">8</attwidth><atprecis Sync="TRUE">0</atprecis><attscale Sync="TRUE">0</attscale></attr><attr><attrlabl Sync="TRUE">EditDate</attrlabl><attalias Sync="TRUE">EditDate</attalias><attrtype Sync="TRUE">Date</attrtype><attwidth Sync="TRUE">8</attwidth><atprecis Sync="TRUE">0</atprecis><attscale Sync="TRUE">0</attscale></attr><attr><attrlabl Sync="TRUE">SHAPE</attrlabl><attalias Sync="TRUE">Shape</attalias><attrtype Sync="TRUE">Geometry</attrtype><attwidth Sync="TRUE">0</attwidth><atprecis Sync="TRUE">0</atprecis><attscale Sync="TRUE">0</attscale><attrdef Sync="TRUE">Feature geometry.</attrdef><attrdefs Sync="TRUE">ESRI</attrdefs><attrdomv><udom Sync="TRUE">Coordinates defining the features.</udom></attrdomv></attr><attr><attrlabl Sync="TRUE">Shape_Leng</attrlabl><attalias Sync="TRUE">Shape_Leng</attalias><attrtype Sync="TRUE">Double</attrtype><attwidth Sync="TRUE">19</attwidth><atprecis Sync="TRUE">0</atprecis><attscale Sync="TRUE">0</attscale></attr></detailed></eainfo><mdDateSt Sync="TRUE">20180710</mdDateSt><mdContact xmlns=""><rpIndName>Nathan Burrell</rpIndName><rpOrgName>Department of Parks &amp; Recreation</rpOrgName><rpPosName>Trails Superintendant</rpPosName><role><RoleCd value="003"/></role></mdContact><mdContact xmlns=""><rpIndName>Jake Helmboldt</rpIndName><rpOrgName>City of Richmond</rpOrgName><rpPosName>Bicycle, Pedestrian and Trails Coordinator</rpPosName><role><RoleCd value="002"/></role></mdContact></metadata>
