<metadata xml:lang="en"><Esri><CreaDate>20180408</CreaDate><CreaTime>08321700</CreaTime><ArcGISFormat>1.0</ArcGISFormat><SyncOnce>FALSE</SyncOnce><DataProperties><lineage><Process ToolSource="c:\program files (x86)\arcgis\desktop10.5\ArcToolbox\Toolboxes\Data Management Tools.tbx\CalculateField" Date="20180219" Time="190639">CalculateField area_StateFederalHistoricSite EditBy [HistoricSiteEditBy] VB #</Process><Process ToolSource="c:\program files (x86)\arcgis\desktop10.5\ArcToolbox\Toolboxes\Data Management Tools.tbx\CalculateField" Date="20180219" Time="190651">CalculateField area_StateFederalHistoricSite EditDate [HistoricSiteEditBy] VB #</Process><Process ToolSource="c:\program files (x86)\arcgis\desktop10.5\ArcToolbox\Toolboxes\Data Management Tools.tbx\CalculateField" Date="20180219" Time="190704">CalculateField area_StateFederalHistoricSite EditDate [HistoricSiteEditDate] VB #</Process><Process ToolSource="c:\program files (x86)\arcgis\desktop10.5\ArcToolbox\Toolboxes\Data Management Tools.tbx\CalculateField" Date="20180219" Time="190719">CalculateField area_StateFederalHistoricSite CreatedBy [EditBy] VB #</Process><Process ToolSource="c:\program files (x86)\arcgis\desktop10.5\ArcToolbox\Toolboxes\Data Management Tools.tbx\CalculateField" Date="20180219" Time="190734">CalculateField area_StateFederalHistoricSite CreatedDate [EditDate] VB #</Process><Process ToolSource="c:\program files (x86)\arcgis\desktop10.5\ArcToolbox\Toolboxes\Conversion Tools.tbx\FeatureClassToFeatureClass" Date="20180219" Time="191557">FeatureClassToFeatureClass C:\junk\LandmarksWork\ProcessGDB.mdb\HistoricPreservation\area_StateFederalHistoricSite C:\junk\LandmarksWork\ProcessFINAL.mdb\HistoricPreservation area_StateFederalHistoricSite # "SiteName "SiteName" true true false 100 Text 0 0 ,First,#,C:\junk\LandmarksWork\ProcessGDB.mdb\HistoricPreservation\area_StateFederalHistoricSite,SiteName,-1,-1;SiteName2 "SiteName2" true true false 100 Text 0 0 ,First,#,C:\junk\LandmarksWork\ProcessGDB.mdb\HistoricPreservation\area_StateFederalHistoricSite,SiteName2,-1,-1;DesignationType "DesignationType" true true false 20 Text 0 0 ,First,#,C:\junk\LandmarksWork\ProcessGDB.mdb\HistoricPreservation\area_StateFederalHistoricSite,DesignationType,-1,-1;Address "Address" true true false 100 Text 0 0 ,First,#,C:\junk\LandmarksWork\ProcessGDB.mdb\HistoricPreservation\area_StateFederalHistoricSite,Address,-1,-1;SiteAdoptionDate "SiteAdoptionDate" true true false 8 Date 0 0 ,First,#,C:\junk\LandmarksWork\ProcessGDB.mdb\HistoricPreservation\area_StateFederalHistoricSite,SiteAdoptionDate,-1,-1;CreatedBy "CreatedBy" true true false 30 Text 0 0 ,First,#,C:\junk\LandmarksWork\ProcessGDB.mdb\HistoricPreservation\area_StateFederalHistoricSite,CreatedBy,-1,-1;CreatedDate "CreatedDate" true true false 8 Date 0 0 ,First,#,C:\junk\LandmarksWork\ProcessGDB.mdb\HistoricPreservation\area_StateFederalHistoricSite,CreatedDate,-1,-1;EditBy "EditBy" true true false 30 Text 0 0 ,First,#,C:\junk\LandmarksWork\ProcessGDB.mdb\HistoricPreservation\area_StateFederalHistoricSite,EditBy,-1,-1;EditDate "EditDate" true true false 8 Date 0 0 ,First,#,C:\junk\LandmarksWork\ProcessGDB.mdb\HistoricPreservation\area_StateFederalHistoricSite,EditDate,-1,-1" #</Process></lineage><itemProps><itemName Sync="TRUE">area_StateFederalHistoricSite</itemName><imsContentType Sync="TRUE">002</imsContentType><itemLocation><linkage Sync="TRUE">file://\\DIT010GWZ07971\C$\FTP\HistoricPreservation\area_StateFederalHistoricSite.shp</linkage><protocol Sync="TRUE">Local Area Network</protocol></itemLocation><itemSize Sync="TRUE">0.000</itemSize></itemProps><coordRef><type Sync="TRUE">Projected</type><geogcsn Sync="TRUE">GCS_North_American_1983</geogcsn><csUnits Sync="TRUE">Linear Unit: Foot_US (0.304801)</csUnits><projcsn Sync="TRUE">NAD_1983_StatePlane_Virginia_South_FIPS_4502_Feet</projcsn><peXml Sync="TRUE">&lt;ProjectedCoordinateSystem xsi:type='typens:ProjectedCoordinateSystem' xmlns:xsi='http://www.w3.org/2001/XMLSchema-instance' xmlns:xs='http://www.w3.org/2001/XMLSchema' xmlns:typens='http://www.esri.com/schemas/ArcGIS/10.5'&gt;&lt;WKT&gt;PROJCS[&amp;quot;NAD_1983_StatePlane_Virginia_South_FIPS_4502_Feet&amp;quot;,GEOGCS[&amp;quot;GCS_North_American_1983&amp;quot;,DATUM[&amp;quot;D_North_American_1983&amp;quot;,SPHEROID[&amp;quot;GRS_1980&amp;quot;,6378137.0,298.257222101]],PRIMEM[&amp;quot;Greenwich&amp;quot;,0.0],UNIT[&amp;quot;Degree&amp;quot;,0.0174532925199433]],PROJECTION[&amp;quot;Lambert_Conformal_Conic&amp;quot;],PARAMETER[&amp;quot;False_Easting&amp;quot;,11482916.66666666],PARAMETER[&amp;quot;False_Northing&amp;quot;,3280833.333333333],PARAMETER[&amp;quot;Central_Meridian&amp;quot;,-78.5],PARAMETER[&amp;quot;Standard_Parallel_1&amp;quot;,36.76666666666667],PARAMETER[&amp;quot;Standard_Parallel_2&amp;quot;,37.96666666666667],PARAMETER[&amp;quot;Latitude_Of_Origin&amp;quot;,36.33333333333334],UNIT[&amp;quot;Foot_US&amp;quot;,0.3048006096012192],AUTHORITY[&amp;quot;EPSG&amp;quot;,2284]]&lt;/WKT&gt;&lt;XOrigin&gt;-111140600&lt;/XOrigin&gt;&lt;YOrigin&gt;-91532100&lt;/YOrigin&gt;&lt;XYScale&gt;36727036.750856541&lt;/XYScale&gt;&lt;ZOrigin&gt;-100000&lt;/ZOrigin&gt;&lt;ZScale&gt;10000&lt;/ZScale&gt;&lt;MOrigin&gt;-100000&lt;/MOrigin&gt;&lt;MScale&gt;10000&lt;/MScale&gt;&lt;XYTolerance&gt;0.0032808333333333331&lt;/XYTolerance&gt;&lt;ZTolerance&gt;0.001&lt;/ZTolerance&gt;&lt;MTolerance&gt;0.001&lt;/MTolerance&gt;&lt;HighPrecision&gt;true&lt;/HighPrecision&gt;&lt;WKID&gt;102747&lt;/WKID&gt;&lt;LatestWKID&gt;2284&lt;/LatestWKID&gt;&lt;/ProjectedCoordinateSystem&gt;</peXml></coordRef></DataProperties><SyncDate>20180710</SyncDate><SyncTime>20383300</SyncTime><ModDate>20180710</ModDate><ModTime>20383300</ModTime><ArcGISstyle>FGDC CSDGM Metadata</ArcGISstyle></Esri><dataIdInfo><envirDesc Sync="TRUE"> Version 6.2 (Build 9200) ; Esri ArcGIS 10.5.1.7333</envirDesc><dataLang><languageCode value="eng" Sync="TRUE"></languageCode><countryCode value="USA" Sync="TRUE"></countryCode></dataLang><idCitation><resTitle Sync="TRUE">area_StateFederalHistoricSite</resTitle><presForm><PresFormCd value="005" Sync="TRUE"></PresFormCd></presForm></idCitation><spatRpType><SpatRepTypCd value="001" Sync="TRUE"></SpatRepTypCd></spatRpType></dataIdInfo><mdLang><languageCode value="eng" Sync="TRUE"></languageCode><countryCode value="USA" Sync="TRUE"></countryCode></mdLang><distInfo><distFormat><formatName Sync="TRUE">Shapefile</formatName></distFormat><distTranOps><transSize Sync="TRUE">0.000</transSize></distTranOps></distInfo><mdHrLv><ScopeCd value="005" Sync="TRUE"></ScopeCd></mdHrLv><mdHrLvName Sync="TRUE">dataset</mdHrLvName><refSysInfo><RefSystem><refSysID><identCode code="2284" Sync="TRUE"></identCode><idCodeSpace Sync="TRUE">EPSG</idCodeSpace><idVersion Sync="TRUE">5.3(9.0.0)</idVersion></refSysID></RefSystem></refSysInfo><spatRepInfo><VectSpatRep><geometObjs Name="area_StateFederalHistoricSite"><geoObjTyp><GeoObjTypCd value="002" Sync="TRUE"></GeoObjTypCd></geoObjTyp><geoObjCnt Sync="TRUE">0</geoObjCnt></geometObjs><topLvl><TopoLevCd value="001" Sync="TRUE"></TopoLevCd></topLvl></VectSpatRep></spatRepInfo><spdoinfo><ptvctinf><esriterm Name="area_StateFederalHistoricSite"><efeatyp Sync="TRUE">Simple</efeatyp><efeageom code="4" Sync="TRUE"></efeageom><esritopo Sync="TRUE">FALSE</esritopo><efeacnt Sync="TRUE">0</efeacnt><spindex Sync="TRUE">FALSE</spindex><linrefer Sync="TRUE">FALSE</linrefer></esriterm></ptvctinf></spdoinfo><eainfo><detailed Name="area_StateFederalHistoricSite"><enttyp><enttypl Sync="TRUE">area_StateFederalHistoricSite</enttypl><enttypt Sync="TRUE">Feature Class</enttypt><enttypc Sync="TRUE">0</enttypc></enttyp><attr><attrlabl Sync="TRUE">FID</attrlabl><attalias Sync="TRUE">FID</attalias><attrtype Sync="TRUE">OID</attrtype><attwidth Sync="TRUE">4</attwidth><atprecis Sync="TRUE">0</atprecis><attscale Sync="TRUE">0</attscale><attrdef Sync="TRUE">Internal feature number.</attrdef><attrdefs Sync="TRUE">Esri</attrdefs><attrdomv><udom Sync="TRUE">Sequential unique whole numbers that are automatically generated.</udom></attrdomv></attr><attr><attrlabl Sync="TRUE">Shape</attrlabl><attalias Sync="TRUE">Shape</attalias><attrtype Sync="TRUE">Geometry</attrtype><attwidth Sync="TRUE">0</attwidth><atprecis Sync="TRUE">0</atprecis><attscale Sync="TRUE">0</attscale><attrdef Sync="TRUE">Feature geometry.</attrdef><attrdefs Sync="TRUE">Esri</attrdefs><attrdomv><udom Sync="TRUE">Coordinates defining the features.</udom></attrdomv></attr><attr><attrlabl Sync="TRUE">SiteName</attrlabl><attalias Sync="TRUE">SiteName</attalias><attrtype Sync="TRUE">String</attrtype><attwidth Sync="TRUE">100</attwidth><atprecis Sync="TRUE">0</atprecis><attscale Sync="TRUE">0</attscale></attr><attr><attrlabl Sync="TRUE">SiteName2</attrlabl><attalias Sync="TRUE">SiteName2</attalias><attrtype Sync="TRUE">String</attrtype><attwidth Sync="TRUE">100</attwidth><atprecis Sync="TRUE">0</atprecis><attscale Sync="TRUE">0</attscale></attr><attr><attrlabl Sync="TRUE">Designatio</attrlabl><attalias Sync="TRUE">Designatio</attalias><attrtype Sync="TRUE">String</attrtype><attwidth Sync="TRUE">20</attwidth><atprecis Sync="TRUE">0</atprecis><attscale Sync="TRUE">0</attscale></attr><attr><attrlabl Sync="TRUE">Address</attrlabl><attalias Sync="TRUE">Address</attalias><attrtype Sync="TRUE">String</attrtype><attwidth Sync="TRUE">100</attwidth><atprecis Sync="TRUE">0</atprecis><attscale Sync="TRUE">0</attscale></attr><attr><attrlabl Sync="TRUE">SiteAdopti</attrlabl><attalias Sync="TRUE">SiteAdopti</attalias><attrtype Sync="TRUE">Date</attrtype><attwidth Sync="TRUE">8</attwidth><atprecis Sync="TRUE">0</atprecis><attscale Sync="TRUE">0</attscale></attr><attr><attrlabl Sync="TRUE">CreatedBy</attrlabl><attalias Sync="TRUE">CreatedBy</attalias><attrtype Sync="TRUE">String</attrtype><attwidth Sync="TRUE">30</attwidth><atprecis Sync="TRUE">0</atprecis><attscale Sync="TRUE">0</attscale></attr><attr><attrlabl Sync="TRUE">CreatedDat</attrlabl><attalias Sync="TRUE">CreatedDat</attalias><attrtype Sync="TRUE">Date</attrtype><attwidth Sync="TRUE">8</attwidth><atprecis Sync="TRUE">0</atprecis><attscale Sync="TRUE">0</attscale></attr><attr><attrlabl Sync="TRUE">EditBy</attrlabl><attalias Sync="TRUE">EditBy</attalias><attrtype Sync="TRUE">String</attrtype><attwidth Sync="TRUE">30</attwidth><atprecis Sync="TRUE">0</atprecis><attscale Sync="TRUE">0</attscale></attr><attr><attrlabl Sync="TRUE">EditDate</attrlabl><attalias Sync="TRUE">EditDate</attalias><attrtype Sync="TRUE">Date</attrtype><attwidth Sync="TRUE">8</attwidth><atprecis Sync="TRUE">0</atprecis><attscale Sync="TRUE">0</attscale></attr><attr><attrlabl Sync="TRUE">Shape_Leng</attrlabl><attalias Sync="TRUE">Shape_Leng</attalias><attrtype Sync="TRUE">Double</attrtype><attwidth Sync="TRUE">19</attwidth><atprecis Sync="TRUE">0</atprecis><attscale Sync="TRUE">0</attscale></attr><attr><attrlabl Sync="TRUE">Shape_Area</attrlabl><attalias Sync="TRUE">Shape_Area</attalias><attrtype Sync="TRUE">Double</attrtype><attwidth Sync="TRUE">19</attwidth><atprecis Sync="TRUE">0</atprecis><attscale Sync="TRUE">0</attscale><attrdef Sync="TRUE">Area of feature in internal units squared.</attrdef><attrdefs Sync="TRUE">Esri</attrdefs><attrdomv><udom Sync="TRUE">Positive real numbers that are automatically generated.</udom></attrdomv></attr></detailed></eainfo><mdDateSt Sync="TRUE">20180710</mdDateSt></metadata>
